ISO-10303-21;
HEADER;
FILE_DESCRIPTION(('Open CASCADE Model'),'2;1');
FILE_NAME('Open CASCADE Shape Model','2026-09-15T08:38:58',('Author'),(
    'Open CASCADE'),'Open CASCADE STEP processor 7.9','Open CASCADE 7.9'
  ,'Unknown');
FILE_SCHEMA(('AUTOMOTIVE_DESIGN { 1 0 10303 214 1 1 1 1 }'));
ENDSEC;
DATA;
#1 = APPLICATION_PROTOCOL_DEFINITION('international standard',
  'automotive_design',2000,#2);
#2 = APPLICATION_CONTEXT(
  'core data for automotive mechanical design processes');
#3 = SHAPE_DEFINITION_REPRESENTATION(#4,#10);
#4 = PRODUCT_DEFINITION_SHAPE('','',#5);
#5 = PRODUCT_DEFINITION('design','',#6,#9);
#6 = PRODUCT_DEFINITION_FORMATION('','',#7);
#7 = PRODUCT('Open CASCADE STEP translator 7.9 1',
  'Open CASCADE STEP translator 7.9 1','',(#8));
#8 = PRODUCT_CONTEXT('',#2,'mechanical');
#9 = PRODUCT_DEFINITION_CONTEXT('part definition',#2,'design');
#10 = ADVANCED_BREP_SHAPE_REPRESENTATION('',(#11,#15),#2819);
#11 = AXIS2_PLACEMENT_3D('',#12,#13,#14);
#12 = CARTESIAN_POINT('',(0.,0.,0.));
#13 = DIRECTION('',(0.,0.,1.));
#14 = DIRECTION('',(1.,0.,-0.));
#15 = MANIFOLD_SOLID_BREP('',#16);
#16 = CLOSED_SHELL('',(#17,#221,#633,#1077,#1126,#1610,#1659,#2052,#2077
    ,#2127,#2152,#2179,#2206,#2213,#2240,#2287,#2314,#2341,#2348,#2375,
    #2402,#2429,#2456,#2483,#2510,#2557,#2584,#2611,#2618,#2645,#2692,
    #2719,#2746,#2753,#2780,#2786,#2813));
#17 = ADVANCED_FACE('',(#18),#32,.F.);
#18 = FACE_BOUND('',#19,.F.);
#19 = EDGE_LOOP('',(#20,#55,#83,#111,#139,#167,#195));
#20 = ORIENTED_EDGE('',*,*,#21,.F.);
#21 = EDGE_CURVE('',#22,#24,#26,.T.);
#22 = VERTEX_POINT('',#23);
#23 = CARTESIAN_POINT('',(-28.,0.,0.));
#24 = VERTEX_POINT('',#25);
#25 = CARTESIAN_POINT('',(-28.,0.,67.));
#26 = SURFACE_CURVE('',#27,(#31,#43),.PCURVE_S1.);
#27 = LINE('',#28,#29);
#28 = CARTESIAN_POINT('',(-28.,0.,0.));
#29 = VECTOR('',#30,1.);
#30 = DIRECTION('',(0.,0.,1.));
#31 = PCURVE('',#32,#37);
#32 = PLANE('',#33);
#33 = AXIS2_PLACEMENT_3D('',#34,#35,#36);
#34 = CARTESIAN_POINT('',(-28.,0.,0.));
#35 = DIRECTION('',(1.,0.,0.));
#36 = DIRECTION('',(0.,0.,1.));
#37 = DEFINITIONAL_REPRESENTATION('',(#38),#42);
#38 = LINE('',#39,#40);
#39 = CARTESIAN_POINT('',(0.,0.));
#40 = VECTOR('',#41,1.);
#41 = DIRECTION('',(1.,0.));
#42 = ( GEOMETRIC_REPRESENTATION_CONTEXT(2) 
PARAMETRIC_REPRESENTATION_CONTEXT() REPRESENTATION_CONTEXT('2D SPACE',''
  ) );
#43 = PCURVE('',#44,#49);
#44 = PLANE('',#45);
#45 = AXIS2_PLACEMENT_3D('',#46,#47,#48);
#46 = CARTESIAN_POINT('',(-28.,0.,0.));
#47 = DIRECTION('',(0.,1.,0.));
#48 = DIRECTION('',(0.,0.,1.));
#49 = DEFINITIONAL_REPRESENTATION('',(#50),#54);
#50 = LINE('',#51,#52);
#51 = CARTESIAN_POINT('',(0.,0.));
#52 = VECTOR('',#53,1.);
#53 = DIRECTION('',(1.,0.));
#54 = ( GEOMETRIC_REPRESENTATION_CONTEXT(2) 
PARAMETRIC_REPRESENTATION_CONTEXT() REPRESENTATION_CONTEXT('2D SPACE',''
  ) );
#55 = ORIENTED_EDGE('',*,*,#56,.F.);
#56 = EDGE_CURVE('',#57,#22,#59,.T.);
#57 = VERTEX_POINT('',#58);
#58 = CARTESIAN_POINT('',(-28.,81.635,0.));
#59 = SURFACE_CURVE('',#60,(#64,#71),.PCURVE_S1.);
#60 = LINE('',#61,#62);
#61 = CARTESIAN_POINT('',(-28.,81.635,0.));
#62 = VECTOR('',#63,1.);
#63 = DIRECTION('',(0.,-1.,0.));
#64 = PCURVE('',#32,#65);
#65 = DEFINITIONAL_REPRESENTATION('',(#66),#70);
#66 = LINE('',#67,#68);
#67 = CARTESIAN_POINT('',(0.,-81.635));
#68 = VECTOR('',#69,1.);
#69 = DIRECTION('',(0.,1.));
#70 = ( GEOMETRIC_REPRESENTATION_CONTEXT(2) 
PARAMETRIC_REPRESENTATION_CONTEXT() REPRESENTATION_CONTEXT('2D SPACE',''
  ) );
#71 = PCURVE('',#72,#77);
#72 = PLANE('',#73);
#73 = AXIS2_PLACEMENT_3D('',#74,#75,#76);
#74 = CARTESIAN_POINT('',(-28.,0.,0.));
#75 = DIRECTION('',(0.,0.,1.));
#76 = DIRECTION('',(1.,0.,0.));
#77 = DEFINITIONAL_REPRESENTATION('',(#78),#82);
#78 = LINE('',#79,#80);
#79 = CARTESIAN_POINT('',(0.,81.635));
#80 = VECTOR('',#81,1.);
#81 = DIRECTION('',(0.,-1.));
#82 = ( GEOMETRIC_REPRESENTATION_CONTEXT(2) 
PARAMETRIC_REPRESENTATION_CONTEXT() REPRESENTATION_CONTEXT('2D SPACE',''
  ) );
#83 = ORIENTED_EDGE('',*,*,#84,.T.);
#84 = EDGE_CURVE('',#57,#85,#87,.T.);
#85 = VERTEX_POINT('',#86);
#86 = CARTESIAN_POINT('',(-28.,81.635,6.));
#87 = SURFACE_CURVE('',#88,(#92,#99),.PCURVE_S1.);
#88 = LINE('',#89,#90);
#89 = CARTESIAN_POINT('',(-28.,81.635,0.));
#90 = VECTOR('',#91,1.);
#91 = DIRECTION('',(0.,0.,1.));
#92 = PCURVE('',#32,#93);
#93 = DEFINITIONAL_REPRESENTATION('',(#94),#98);
#94 = LINE('',#95,#96);
#95 = CARTESIAN_POINT('',(0.,-81.635));
#96 = VECTOR('',#97,1.);
#97 = DIRECTION('',(1.,0.));
#98 = ( GEOMETRIC_REPRESENTATION_CONTEXT(2) 
PARAMETRIC_REPRESENTATION_CONTEXT() REPRESENTATION_CONTEXT('2D SPACE',''
  ) );
#99 = PCURVE('',#100,#105);
#100 = PLANE('',#101);
#101 = AXIS2_PLACEMENT_3D('',#102,#103,#104);
#102 = CARTESIAN_POINT('',(-28.,81.635,0.));
#103 = DIRECTION('',(0.,1.,0.));
#104 = DIRECTION('',(0.,0.,1.));
#105 = DEFINITIONAL_REPRESENTATION('',(#106),#110);
#106 = LINE('',#107,#108);
#107 = CARTESIAN_POINT('',(0.,0.));
#108 = VECTOR('',#109,1.);
#109 = DIRECTION('',(1.,0.));
#110 = ( GEOMETRIC_REPRESENTATION_CONTEXT(2) 
PARAMETRIC_REPRESENTATION_CONTEXT() REPRESENTATION_CONTEXT('2D SPACE',''
  ) );
#111 = ORIENTED_EDGE('',*,*,#112,.F.);
#112 = EDGE_CURVE('',#113,#85,#115,.T.);
#113 = VERTEX_POINT('',#114);
#114 = CARTESIAN_POINT('',(-28.,26.,6.));
#115 = SURFACE_CURVE('',#116,(#120,#127),.PCURVE_S1.);
#116 = LINE('',#117,#118);
#117 = CARTESIAN_POINT('',(-28.,0.,6.));
#118 = VECTOR('',#119,1.);
#119 = DIRECTION('',(0.,1.,0.));
#120 = PCURVE('',#32,#121);
#121 = DEFINITIONAL_REPRESENTATION('',(#122),#126);
#122 = LINE('',#123,#124);
#123 = CARTESIAN_POINT('',(6.,0.));
#124 = VECTOR('',#125,1.);
#125 = DIRECTION('',(0.,-1.));
#126 = ( GEOMETRIC_REPRESENTATION_CONTEXT(2) 
PARAMETRIC_REPRESENTATION_CONTEXT() REPRESENTATION_CONTEXT('2D SPACE',''
  ) );
#127 = PCURVE('',#128,#133);
#128 = PLANE('',#129);
#129 = AXIS2_PLACEMENT_3D('',#130,#131,#132);
#130 = CARTESIAN_POINT('',(-28.,0.,6.));
#131 = DIRECTION('',(0.,0.,1.));
#132 = DIRECTION('',(1.,0.,0.));
#133 = DEFINITIONAL_REPRESENTATION('',(#134),#138);
#134 = LINE('',#135,#136);
#135 = CARTESIAN_POINT('',(0.,0.));
#136 = VECTOR('',#137,1.);
#137 = DIRECTION('',(0.,1.));
#138 = ( GEOMETRIC_REPRESENTATION_CONTEXT(2) 
PARAMETRIC_REPRESENTATION_CONTEXT() REPRESENTATION_CONTEXT('2D SPACE',''
  ) );
#139 = ORIENTED_EDGE('',*,*,#140,.F.);
#140 = EDGE_CURVE('',#141,#113,#143,.T.);
#141 = VERTEX_POINT('',#142);
#142 = CARTESIAN_POINT('',(-28.,5.,39.));
#143 = SURFACE_CURVE('',#144,(#148,#155),.PCURVE_S1.);
#144 = LINE('',#145,#146);
#145 = CARTESIAN_POINT('',(-28.,5.,39.));
#146 = VECTOR('',#147,1.);
#147 = DIRECTION('',(0.,0.536875492193,-0.843661487732));
#148 = PCURVE('',#32,#149);
#149 = DEFINITIONAL_REPRESENTATION('',(#150),#154);
#150 = LINE('',#151,#152);
#151 = CARTESIAN_POINT('',(39.,-5.));
#152 = VECTOR('',#153,1.);
#153 = DIRECTION('',(-0.843661487732,-0.536875492193));
#154 = ( GEOMETRIC_REPRESENTATION_CONTEXT(2) 
PARAMETRIC_REPRESENTATION_CONTEXT() REPRESENTATION_CONTEXT('2D SPACE',''
  ) );
#155 = PCURVE('',#156,#161);
#156 = PLANE('',#157);
#157 = AXIS2_PLACEMENT_3D('',#158,#159,#160);
#158 = CARTESIAN_POINT('',(-28.,5.,39.));
#159 = DIRECTION('',(-0.,0.843661487732,0.536875492193));
#160 = DIRECTION('',(0.,0.536875492193,-0.843661487732));
#161 = DEFINITIONAL_REPRESENTATION('',(#162),#166);
#162 = LINE('',#163,#164);
#163 = CARTESIAN_POINT('',(0.,0.));
#164 = VECTOR('',#165,1.);
#165 = DIRECTION('',(1.,0.));
#166 = ( GEOMETRIC_REPRESENTATION_CONTEXT(2) 
PARAMETRIC_REPRESENTATION_CONTEXT() REPRESENTATION_CONTEXT('2D SPACE',''
  ) );
#167 = ORIENTED_EDGE('',*,*,#168,.T.);
#168 = EDGE_CURVE('',#141,#169,#171,.T.);
#169 = VERTEX_POINT('',#170);
#170 = CARTESIAN_POINT('',(-28.,5.,67.));
#171 = SURFACE_CURVE('',#172,(#176,#183),.PCURVE_S1.);
#172 = LINE('',#173,#174);
#173 = CARTESIAN_POINT('',(-28.,5.,0.));
#174 = VECTOR('',#175,1.);
#175 = DIRECTION('',(0.,0.,1.));
#176 = PCURVE('',#32,#177);
#177 = DEFINITIONAL_REPRESENTATION('',(#178),#182);
#178 = LINE('',#179,#180);
#179 = CARTESIAN_POINT('',(0.,-5.));
#180 = VECTOR('',#181,1.);
#181 = DIRECTION('',(1.,0.));
#182 = ( GEOMETRIC_REPRESENTATION_CONTEXT(2) 
PARAMETRIC_REPRESENTATION_CONTEXT() REPRESENTATION_CONTEXT('2D SPACE',''
  ) );
#183 = PCURVE('',#184,#189);
#184 = PLANE('',#185);
#185 = AXIS2_PLACEMENT_3D('',#186,#187,#188);
#186 = CARTESIAN_POINT('',(-28.,5.,0.));
#187 = DIRECTION('',(0.,1.,0.));
#188 = DIRECTION('',(0.,0.,1.));
#189 = DEFINITIONAL_REPRESENTATION('',(#190),#194);
#190 = LINE('',#191,#192);
#191 = CARTESIAN_POINT('',(0.,0.));
#192 = VECTOR('',#193,1.);
#193 = DIRECTION('',(1.,0.));
#194 = ( GEOMETRIC_REPRESENTATION_CONTEXT(2) 
PARAMETRIC_REPRESENTATION_CONTEXT() REPRESENTATION_CONTEXT('2D SPACE',''
  ) );
#195 = ORIENTED_EDGE('',*,*,#196,.F.);
#196 = EDGE_CURVE('',#24,#169,#197,.T.);
#197 = SURFACE_CURVE('',#198,(#202,#209),.PCURVE_S1.);
#198 = LINE('',#199,#200);
#199 = CARTESIAN_POINT('',(-28.,0.,67.));
#200 = VECTOR('',#201,1.);
#201 = DIRECTION('',(0.,1.,0.));
#202 = PCURVE('',#32,#203);
#203 = DEFINITIONAL_REPRESENTATION('',(#204),#208);
#204 = LINE('',#205,#206);
#205 = CARTESIAN_POINT('',(67.,0.));
#206 = VECTOR('',#207,1.);
#207 = DIRECTION('',(0.,-1.));
#208 = ( GEOMETRIC_REPRESENTATION_CONTEXT(2) 
PARAMETRIC_REPRESENTATION_CONTEXT() REPRESENTATION_CONTEXT('2D SPACE',''
  ) );
#209 = PCURVE('',#210,#215);
#210 = PLANE('',#211);
#211 = AXIS2_PLACEMENT_3D('',#212,#213,#214);
#212 = CARTESIAN_POINT('',(-28.,0.,67.));
#213 = DIRECTION('',(0.,0.,1.));
#214 = DIRECTION('',(1.,0.,0.));
#215 = DEFINITIONAL_REPRESENTATION('',(#216),#220);
#216 = LINE('',#217,#218);
#217 = CARTESIAN_POINT('',(0.,0.));
#218 = VECTOR('',#219,1.);
#219 = DIRECTION('',(0.,1.));
#220 = ( GEOMETRIC_REPRESENTATION_CONTEXT(2) 
PARAMETRIC_REPRESENTATION_CONTEXT() REPRESENTATION_CONTEXT('2D SPACE',''
  ) );
#221 = ADVANCED_FACE('',(#222,#403,#434,#540,#571,#602),#44,.F.);
#222 = FACE_BOUND('',#223,.F.);
#223 = EDGE_LOOP('',(#224,#247,#248,#271,#297,#323,#349,#377));
#224 = ORIENTED_EDGE('',*,*,#225,.F.);
#225 = EDGE_CURVE('',#22,#226,#228,.T.);
#226 = VERTEX_POINT('',#227);
#227 = CARTESIAN_POINT('',(28.,0.,0.));
#228 = SURFACE_CURVE('',#229,(#233,#240),.PCURVE_S1.);
#229 = LINE('',#230,#231);
#230 = CARTESIAN_POINT('',(-28.,0.,0.));
#231 = VECTOR('',#232,1.);
#232 = DIRECTION('',(1.,0.,0.));
#233 = PCURVE('',#44,#234);
#234 = DEFINITIONAL_REPRESENTATION('',(#235),#239);
#235 = LINE('',#236,#237);
#236 = CARTESIAN_POINT('',(0.,0.));
#237 = VECTOR('',#238,1.);
#238 = DIRECTION('',(0.,1.));
#239 = ( GEOMETRIC_REPRESENTATION_CONTEXT(2) 
PARAMETRIC_REPRESENTATION_CONTEXT() REPRESENTATION_CONTEXT('2D SPACE',''
  ) );
#240 = PCURVE('',#72,#241);
#241 = DEFINITIONAL_REPRESENTATION('',(#242),#246);
#242 = LINE('',#243,#244);
#243 = CARTESIAN_POINT('',(0.,0.));
#244 = VECTOR('',#245,1.);
#245 = DIRECTION('',(1.,0.));
#246 = ( GEOMETRIC_REPRESENTATION_CONTEXT(2) 
PARAMETRIC_REPRESENTATION_CONTEXT() REPRESENTATION_CONTEXT('2D SPACE',''
  ) );
#247 = ORIENTED_EDGE('',*,*,#21,.T.);
#248 = ORIENTED_EDGE('',*,*,#249,.T.);
#249 = EDGE_CURVE('',#24,#250,#252,.T.);
#250 = VERTEX_POINT('',#251);
#251 = CARTESIAN_POINT('',(-7.985,0.,67.));
#252 = SURFACE_CURVE('',#253,(#257,#264),.PCURVE_S1.);
#253 = LINE('',#254,#255);
#254 = CARTESIAN_POINT('',(-28.,0.,67.));
#255 = VECTOR('',#256,1.);
#256 = DIRECTION('',(1.,0.,0.));
#257 = PCURVE('',#44,#258);
#258 = DEFINITIONAL_REPRESENTATION('',(#259),#263);
#259 = LINE('',#260,#261);
#260 = CARTESIAN_POINT('',(67.,0.));
#261 = VECTOR('',#262,1.);
#262 = DIRECTION('',(0.,1.));
#263 = ( GEOMETRIC_REPRESENTATION_CONTEXT(2) 
PARAMETRIC_REPRESENTATION_CONTEXT() REPRESENTATION_CONTEXT('2D SPACE',''
  ) );
#264 = PCURVE('',#210,#265);
#265 = DEFINITIONAL_REPRESENTATION('',(#266),#270);
#266 = LINE('',#267,#268);
#267 = CARTESIAN_POINT('',(0.,0.));
#268 = VECTOR('',#269,1.);
#269 = DIRECTION('',(1.,0.));
#270 = ( GEOMETRIC_REPRESENTATION_CONTEXT(2) 
PARAMETRIC_REPRESENTATION_CONTEXT() REPRESENTATION_CONTEXT('2D SPACE',''
  ) );
#271 = ORIENTED_EDGE('',*,*,#272,.T.);
#272 = EDGE_CURVE('',#250,#273,#275,.T.);
#273 = VERTEX_POINT('',#274);
#274 = CARTESIAN_POINT('',(-7.985,0.,57.));
#275 = SURFACE_CURVE('',#276,(#280,#286),.PCURVE_S1.);
#276 = LINE('',#277,#278);
#277 = CARTESIAN_POINT('',(-7.985,0.,38.5));
#278 = VECTOR('',#279,1.);
#279 = DIRECTION('',(0.,0.,-1.));
#280 = PCURVE('',#44,#281);
#281 = DEFINITIONAL_REPRESENTATION('',(#282),#285);
#282 = B_SPLINE_CURVE_WITH_KNOTS('',1,(#283,#284),.UNSPECIFIED.,.F.,.F.,
  (2,2),(-28.5,-18.5),.PIECEWISE_BEZIER_KNOTS.);
#283 = CARTESIAN_POINT('',(67.,20.015));
#284 = CARTESIAN_POINT('',(57.,20.015));
#285 = ( GEOMETRIC_REPRESENTATION_CONTEXT(2) 
PARAMETRIC_REPRESENTATION_CONTEXT() REPRESENTATION_CONTEXT('2D SPACE',''
  ) );
#286 = PCURVE('',#287,#292);
#287 = PLANE('',#288);
#288 = AXIS2_PLACEMENT_3D('',#289,#290,#291);
#289 = CARTESIAN_POINT('',(-7.985,10.,77.));
#290 = DIRECTION('',(1.,0.,0.));
#291 = DIRECTION('',(0.,0.,-1.));
#292 = DEFINITIONAL_REPRESENTATION('',(#293),#296);
#293 = B_SPLINE_CURVE_WITH_KNOTS('',1,(#294,#295),.UNSPECIFIED.,.F.,.F.,
  (2,2),(-28.5,-18.5),.PIECEWISE_BEZIER_KNOTS.);
#294 = CARTESIAN_POINT('',(10.,-10.));
#295 = CARTESIAN_POINT('',(20.,-10.));
#296 = ( GEOMETRIC_REPRESENTATION_CONTEXT(2) 
PARAMETRIC_REPRESENTATION_CONTEXT() REPRESENTATION_CONTEXT('2D SPACE',''
  ) );
#297 = ORIENTED_EDGE('',*,*,#298,.T.);
#298 = EDGE_CURVE('',#273,#299,#301,.T.);
#299 = VERTEX_POINT('',#300);
#300 = CARTESIAN_POINT('',(7.985,0.,57.));
#301 = SURFACE_CURVE('',#302,(#306,#312),.PCURVE_S1.);
#302 = LINE('',#303,#304);
#303 = CARTESIAN_POINT('',(-17.9925,0.,57.));
#304 = VECTOR('',#305,1.);
#305 = DIRECTION('',(1.,-0.,0.));
#306 = PCURVE('',#44,#307);
#307 = DEFINITIONAL_REPRESENTATION('',(#308),#311);
#308 = B_SPLINE_CURVE_WITH_KNOTS('',1,(#309,#310),.UNSPECIFIED.,.F.,.F.,
  (2,2),(10.0075,25.9775),.PIECEWISE_BEZIER_KNOTS.);
#309 = CARTESIAN_POINT('',(57.,20.015));
#310 = CARTESIAN_POINT('',(57.,35.985));
#311 = ( GEOMETRIC_REPRESENTATION_CONTEXT(2) 
PARAMETRIC_REPRESENTATION_CONTEXT() REPRESENTATION_CONTEXT('2D SPACE',''
  ) );
#312 = PCURVE('',#313,#318);
#313 = PLANE('',#314);
#314 = AXIS2_PLACEMENT_3D('',#315,#316,#317);
#315 = CARTESIAN_POINT('',(-7.985,10.,57.));
#316 = DIRECTION('',(-0.,0.,1.));
#317 = DIRECTION('',(1.,0.,0.));
#318 = DEFINITIONAL_REPRESENTATION('',(#319),#322);
#319 = B_SPLINE_CURVE_WITH_KNOTS('',1,(#320,#321),.UNSPECIFIED.,.F.,.F.,
  (2,2),(10.0075,25.9775),.PIECEWISE_BEZIER_KNOTS.);
#320 = CARTESIAN_POINT('',(0.,-10.));
#321 = CARTESIAN_POINT('',(15.97,-10.));
#322 = ( GEOMETRIC_REPRESENTATION_CONTEXT(2) 
PARAMETRIC_REPRESENTATION_CONTEXT() REPRESENTATION_CONTEXT('2D SPACE',''
  ) );
#323 = ORIENTED_EDGE('',*,*,#324,.T.);
#324 = EDGE_CURVE('',#299,#325,#327,.T.);
#325 = VERTEX_POINT('',#326);
#326 = CARTESIAN_POINT('',(7.985,0.,67.));
#327 = SURFACE_CURVE('',#328,(#332,#338),.PCURVE_S1.);
#328 = LINE('',#329,#330);
#329 = CARTESIAN_POINT('',(7.985,0.,28.5));
#330 = VECTOR('',#331,1.);
#331 = DIRECTION('',(0.,-0.,1.));
#332 = PCURVE('',#44,#333);
#333 = DEFINITIONAL_REPRESENTATION('',(#334),#337);
#334 = B_SPLINE_CURVE_WITH_KNOTS('',1,(#335,#336),.UNSPECIFIED.,.F.,.F.,
  (2,2),(28.5,38.5),.PIECEWISE_BEZIER_KNOTS.);
#335 = CARTESIAN_POINT('',(57.,35.985));
#336 = CARTESIAN_POINT('',(67.,35.985));
#337 = ( GEOMETRIC_REPRESENTATION_CONTEXT(2) 
PARAMETRIC_REPRESENTATION_CONTEXT() REPRESENTATION_CONTEXT('2D SPACE',''
  ) );
#338 = PCURVE('',#339,#344);
#339 = PLANE('',#340);
#340 = AXIS2_PLACEMENT_3D('',#341,#342,#343);
#341 = CARTESIAN_POINT('',(7.985,10.,57.));
#342 = DIRECTION('',(-1.,0.,0.));
#343 = DIRECTION('',(0.,0.,1.));
#344 = DEFINITIONAL_REPRESENTATION('',(#345),#348);
#345 = B_SPLINE_CURVE_WITH_KNOTS('',1,(#346,#347),.UNSPECIFIED.,.F.,.F.,
  (2,2),(28.5,38.5),.PIECEWISE_BEZIER_KNOTS.);
#346 = CARTESIAN_POINT('',(0.,-10.));
#347 = CARTESIAN_POINT('',(10.,-10.));
#348 = ( GEOMETRIC_REPRESENTATION_CONTEXT(2) 
PARAMETRIC_REPRESENTATION_CONTEXT() REPRESENTATION_CONTEXT('2D SPACE',''
  ) );
#349 = ORIENTED_EDGE('',*,*,#350,.T.);
#350 = EDGE_CURVE('',#325,#351,#353,.T.);
#351 = VERTEX_POINT('',#352);
#352 = CARTESIAN_POINT('',(28.,0.,67.));
#353 = SURFACE_CURVE('',#354,(#358,#365),.PCURVE_S1.);
#354 = LINE('',#355,#356);
#355 = CARTESIAN_POINT('',(-28.,0.,67.));
#356 = VECTOR('',#357,1.);
#357 = DIRECTION('',(1.,0.,0.));
#358 = PCURVE('',#44,#359);
#359 = DEFINITIONAL_REPRESENTATION('',(#360),#364);
#360 = LINE('',#361,#362);
#361 = CARTESIAN_POINT('',(67.,0.));
#362 = VECTOR('',#363,1.);
#363 = DIRECTION('',(0.,1.));
#364 = ( GEOMETRIC_REPRESENTATION_CONTEXT(2) 
PARAMETRIC_REPRESENTATION_CONTEXT() REPRESENTATION_CONTEXT('2D SPACE',''
  ) );
#365 = PCURVE('',#366,#371);
#366 = PLANE('',#367);
#367 = AXIS2_PLACEMENT_3D('',#368,#369,#370);
#368 = CARTESIAN_POINT('',(-28.,0.,67.));
#369 = DIRECTION('',(0.,0.,1.));
#370 = DIRECTION('',(1.,0.,0.));
#371 = DEFINITIONAL_REPRESENTATION('',(#372),#376);
#372 = LINE('',#373,#374);
#373 = CARTESIAN_POINT('',(0.,0.));
#374 = VECTOR('',#375,1.);
#375 = DIRECTION('',(1.,0.));
#376 = ( GEOMETRIC_REPRESENTATION_CONTEXT(2) 
PARAMETRIC_REPRESENTATION_CONTEXT() REPRESENTATION_CONTEXT('2D SPACE',''
  ) );
#377 = ORIENTED_EDGE('',*,*,#378,.F.);
#378 = EDGE_CURVE('',#226,#351,#379,.T.);
#379 = SURFACE_CURVE('',#380,(#384,#391),.PCURVE_S1.);
#380 = LINE('',#381,#382);
#381 = CARTESIAN_POINT('',(28.,0.,0.));
#382 = VECTOR('',#383,1.);
#383 = DIRECTION('',(0.,0.,1.));
#384 = PCURVE('',#44,#385);
#385 = DEFINITIONAL_REPRESENTATION('',(#386),#390);
#386 = LINE('',#387,#388);
#387 = CARTESIAN_POINT('',(0.,56.));
#388 = VECTOR('',#389,1.);
#389 = DIRECTION('',(1.,0.));
#390 = ( GEOMETRIC_REPRESENTATION_CONTEXT(2) 
PARAMETRIC_REPRESENTATION_CONTEXT() REPRESENTATION_CONTEXT('2D SPACE',''
  ) );
#391 = PCURVE('',#392,#397);
#392 = PLANE('',#393);
#393 = AXIS2_PLACEMENT_3D('',#394,#395,#396);
#394 = CARTESIAN_POINT('',(28.,0.,0.));
#395 = DIRECTION('',(1.,0.,0.));
#396 = DIRECTION('',(0.,0.,1.));
#397 = DEFINITIONAL_REPRESENTATION('',(#398),#402);
#398 = LINE('',#399,#400);
#399 = CARTESIAN_POINT('',(0.,0.));
#400 = VECTOR('',#401,1.);
#401 = DIRECTION('',(1.,0.));
#402 = ( GEOMETRIC_REPRESENTATION_CONTEXT(2) 
PARAMETRIC_REPRESENTATION_CONTEXT() REPRESENTATION_CONTEXT('2D SPACE',''
  ) );
#403 = FACE_BOUND('',#404,.F.);
#404 = EDGE_LOOP('',(#405));
#405 = ORIENTED_EDGE('',*,*,#406,.F.);
#406 = EDGE_CURVE('',#407,#407,#409,.T.);
#407 = VERTEX_POINT('',#408);
#408 = CARTESIAN_POINT('',(-13.55,0.,30.));
#409 = SURFACE_CURVE('',#410,(#415,#422),.PCURVE_S1.);
#410 = CIRCLE('',#411,1.45);
#411 = AXIS2_PLACEMENT_3D('',#412,#413,#414);
#412 = CARTESIAN_POINT('',(-15.,0.,30.));
#413 = DIRECTION('',(-0.,1.,0.));
#414 = DIRECTION('',(1.,0.,0.));
#415 = PCURVE('',#44,#416);
#416 = DEFINITIONAL_REPRESENTATION('',(#417),#421);
#417 = CIRCLE('',#418,1.45);
#418 = AXIS2_PLACEMENT_2D('',#419,#420);
#419 = CARTESIAN_POINT('',(30.,13.));
#420 = DIRECTION('',(0.,1.));
#421 = ( GEOMETRIC_REPRESENTATION_CONTEXT(2) 
PARAMETRIC_REPRESENTATION_CONTEXT() REPRESENTATION_CONTEXT('2D SPACE',''
  ) );
#422 = PCURVE('',#423,#428);
#423 = CYLINDRICAL_SURFACE('',#424,1.45);
#424 = AXIS2_PLACEMENT_3D('',#425,#426,#427);
#425 = CARTESIAN_POINT('',(-15.,10.,30.));
#426 = DIRECTION('',(-0.,1.,-0.));
#427 = DIRECTION('',(1.,0.,0.));
#428 = DEFINITIONAL_REPRESENTATION('',(#429),#433);
#429 = LINE('',#430,#431);
#430 = CARTESIAN_POINT('',(-6.28318530718,-10.));
#431 = VECTOR('',#432,1.);
#432 = DIRECTION('',(1.,-0.));
#433 = ( GEOMETRIC_REPRESENTATION_CONTEXT(2) 
PARAMETRIC_REPRESENTATION_CONTEXT() REPRESENTATION_CONTEXT('2D SPACE',''
  ) );
#434 = FACE_BOUND('',#435,.F.);
#435 = EDGE_LOOP('',(#436,#464,#490,#516));
#436 = ORIENTED_EDGE('',*,*,#437,.T.);
#437 = EDGE_CURVE('',#438,#440,#442,.T.);
#438 = VERTEX_POINT('',#439);
#439 = CARTESIAN_POINT('',(-8.985,0.,24.));
#440 = VERTEX_POINT('',#441);
#441 = CARTESIAN_POINT('',(-8.985,0.,8.));
#442 = SURFACE_CURVE('',#443,(#447,#453),.PCURVE_S1.);
#443 = LINE('',#444,#445);
#444 = CARTESIAN_POINT('',(-8.985,0.,12.));
#445 = VECTOR('',#446,1.);
#446 = DIRECTION('',(0.,0.,-1.));
#447 = PCURVE('',#44,#448);
#448 = DEFINITIONAL_REPRESENTATION('',(#449),#452);
#449 = B_SPLINE_CURVE_WITH_KNOTS('',1,(#450,#451),.UNSPECIFIED.,.F.,.F.,
  (2,2),(-12.,4.),.PIECEWISE_BEZIER_KNOTS.);
#450 = CARTESIAN_POINT('',(24.,19.015));
#451 = CARTESIAN_POINT('',(8.,19.015));
#452 = ( GEOMETRIC_REPRESENTATION_CONTEXT(2) 
PARAMETRIC_REPRESENTATION_CONTEXT() REPRESENTATION_CONTEXT('2D SPACE',''
  ) );
#453 = PCURVE('',#454,#459);
#454 = PLANE('',#455);
#455 = AXIS2_PLACEMENT_3D('',#456,#457,#458);
#456 = CARTESIAN_POINT('',(-8.985,10.,24.));
#457 = DIRECTION('',(1.,0.,0.));
#458 = DIRECTION('',(0.,0.,-1.));
#459 = DEFINITIONAL_REPRESENTATION('',(#460),#463);
#460 = B_SPLINE_CURVE_WITH_KNOTS('',1,(#461,#462),.UNSPECIFIED.,.F.,.F.,
  (2,2),(-12.,4.),.PIECEWISE_BEZIER_KNOTS.);
#461 = CARTESIAN_POINT('',(0.,-10.));
#462 = CARTESIAN_POINT('',(16.,-10.));
#463 = ( GEOMETRIC_REPRESENTATION_CONTEXT(2) 
PARAMETRIC_REPRESENTATION_CONTEXT() REPRESENTATION_CONTEXT('2D SPACE',''
  ) );
#464 = ORIENTED_EDGE('',*,*,#465,.T.);
#465 = EDGE_CURVE('',#440,#466,#468,.T.);
#466 = VERTEX_POINT('',#467);
#467 = CARTESIAN_POINT('',(8.985,0.,8.));
#468 = SURFACE_CURVE('',#469,(#473,#479),.PCURVE_S1.);
#469 = LINE('',#470,#471);
#470 = CARTESIAN_POINT('',(-18.4925,0.,8.));
#471 = VECTOR('',#472,1.);
#472 = DIRECTION('',(1.,-0.,0.));
#473 = PCURVE('',#44,#474);
#474 = DEFINITIONAL_REPRESENTATION('',(#475),#478);
#475 = B_SPLINE_CURVE_WITH_KNOTS('',1,(#476,#477),.UNSPECIFIED.,.F.,.F.,
  (2,2),(9.5075,27.4775),.PIECEWISE_BEZIER_KNOTS.);
#476 = CARTESIAN_POINT('',(8.,19.015));
#477 = CARTESIAN_POINT('',(8.,36.985));
#478 = ( GEOMETRIC_REPRESENTATION_CONTEXT(2) 
PARAMETRIC_REPRESENTATION_CONTEXT() REPRESENTATION_CONTEXT('2D SPACE',''
  ) );
#479 = PCURVE('',#480,#485);
#480 = PLANE('',#481);
#481 = AXIS2_PLACEMENT_3D('',#482,#483,#484);
#482 = CARTESIAN_POINT('',(-8.985,10.,8.));
#483 = DIRECTION('',(-0.,0.,1.));
#484 = DIRECTION('',(1.,0.,0.));
#485 = DEFINITIONAL_REPRESENTATION('',(#486),#489);
#486 = B_SPLINE_CURVE_WITH_KNOTS('',1,(#487,#488),.UNSPECIFIED.,.F.,.F.,
  (2,2),(9.5075,27.4775),.PIECEWISE_BEZIER_KNOTS.);
#487 = CARTESIAN_POINT('',(0.,-10.));
#488 = CARTESIAN_POINT('',(17.97,-10.));
#489 = ( GEOMETRIC_REPRESENTATION_CONTEXT(2) 
PARAMETRIC_REPRESENTATION_CONTEXT() REPRESENTATION_CONTEXT('2D SPACE',''
  ) );
#490 = ORIENTED_EDGE('',*,*,#491,.T.);
#491 = EDGE_CURVE('',#466,#492,#494,.T.);
#492 = VERTEX_POINT('',#493);
#493 = CARTESIAN_POINT('',(8.985,0.,24.));
#494 = SURFACE_CURVE('',#495,(#499,#505),.PCURVE_S1.);
#495 = LINE('',#496,#497);
#496 = CARTESIAN_POINT('',(8.985,0.,4.));
#497 = VECTOR('',#498,1.);
#498 = DIRECTION('',(0.,-0.,1.));
#499 = PCURVE('',#44,#500);
#500 = DEFINITIONAL_REPRESENTATION('',(#501),#504);
#501 = B_SPLINE_CURVE_WITH_KNOTS('',1,(#502,#503),.UNSPECIFIED.,.F.,.F.,
  (2,2),(4.,20.),.PIECEWISE_BEZIER_KNOTS.);
#502 = CARTESIAN_POINT('',(8.,36.985));
#503 = CARTESIAN_POINT('',(24.,36.985));
#504 = ( GEOMETRIC_REPRESENTATION_CONTEXT(2) 
PARAMETRIC_REPRESENTATION_CONTEXT() REPRESENTATION_CONTEXT('2D SPACE',''
  ) );
#505 = PCURVE('',#506,#511);
#506 = PLANE('',#507);
#507 = AXIS2_PLACEMENT_3D('',#508,#509,#510);
#508 = CARTESIAN_POINT('',(8.985,10.,8.));
#509 = DIRECTION('',(-1.,0.,0.));
#510 = DIRECTION('',(0.,0.,1.));
#511 = DEFINITIONAL_REPRESENTATION('',(#512),#515);
#512 = B_SPLINE_CURVE_WITH_KNOTS('',1,(#513,#514),.UNSPECIFIED.,.F.,.F.,
  (2,2),(4.,20.),.PIECEWISE_BEZIER_KNOTS.);
#513 = CARTESIAN_POINT('',(0.,-10.));
#514 = CARTESIAN_POINT('',(16.,-10.));
#515 = ( GEOMETRIC_REPRESENTATION_CONTEXT(2) 
PARAMETRIC_REPRESENTATION_CONTEXT() REPRESENTATION_CONTEXT('2D SPACE',''
  ) );
#516 = ORIENTED_EDGE('',*,*,#517,.T.);
#517 = EDGE_CURVE('',#492,#438,#518,.T.);
#518 = SURFACE_CURVE('',#519,(#523,#529),.PCURVE_S1.);
#519 = LINE('',#520,#521);
#520 = CARTESIAN_POINT('',(-9.5075,0.,24.));
#521 = VECTOR('',#522,1.);
#522 = DIRECTION('',(-1.,0.,0.));
#523 = PCURVE('',#44,#524);
#524 = DEFINITIONAL_REPRESENTATION('',(#525),#528);
#525 = B_SPLINE_CURVE_WITH_KNOTS('',1,(#526,#527),.UNSPECIFIED.,.F.,.F.,
  (2,2),(-18.4925,-0.5225),.PIECEWISE_BEZIER_KNOTS.);
#526 = CARTESIAN_POINT('',(24.,36.985));
#527 = CARTESIAN_POINT('',(24.,19.015));
#528 = ( GEOMETRIC_REPRESENTATION_CONTEXT(2) 
PARAMETRIC_REPRESENTATION_CONTEXT() REPRESENTATION_CONTEXT('2D SPACE',''
  ) );
#529 = PCURVE('',#530,#535);
#530 = PLANE('',#531);
#531 = AXIS2_PLACEMENT_3D('',#532,#533,#534);
#532 = CARTESIAN_POINT('',(8.985,10.,24.));
#533 = DIRECTION('',(-0.,-0.,-1.));
#534 = DIRECTION('',(-1.,0.,0.));
#535 = DEFINITIONAL_REPRESENTATION('',(#536),#539);
#536 = B_SPLINE_CURVE_WITH_KNOTS('',1,(#537,#538),.UNSPECIFIED.,.F.,.F.,
  (2,2),(-18.4925,-0.5225),.PIECEWISE_BEZIER_KNOTS.);
#537 = CARTESIAN_POINT('',(0.,-10.));
#538 = CARTESIAN_POINT('',(17.97,-10.));
#539 = ( GEOMETRIC_REPRESENTATION_CONTEXT(2) 
PARAMETRIC_REPRESENTATION_CONTEXT() REPRESENTATION_CONTEXT('2D SPACE',''
  ) );
#540 = FACE_BOUND('',#541,.F.);
#541 = EDGE_LOOP('',(#542));
#542 = ORIENTED_EDGE('',*,*,#543,.F.);
#543 = EDGE_CURVE('',#544,#544,#546,.T.);
#544 = VERTEX_POINT('',#545);
#545 = CARTESIAN_POINT('',(-13.55,0.,60.));
#546 = SURFACE_CURVE('',#547,(#552,#559),.PCURVE_S1.);
#547 = CIRCLE('',#548,1.45);
#548 = AXIS2_PLACEMENT_3D('',#549,#550,#551);
#549 = CARTESIAN_POINT('',(-15.,0.,60.));
#550 = DIRECTION('',(-0.,1.,0.));
#551 = DIRECTION('',(1.,0.,0.));
#552 = PCURVE('',#44,#553);
#553 = DEFINITIONAL_REPRESENTATION('',(#554),#558);
#554 = CIRCLE('',#555,1.45);
#555 = AXIS2_PLACEMENT_2D('',#556,#557);
#556 = CARTESIAN_POINT('',(60.,13.));
#557 = DIRECTION('',(0.,1.));
#558 = ( GEOMETRIC_REPRESENTATION_CONTEXT(2) 
PARAMETRIC_REPRESENTATION_CONTEXT() REPRESENTATION_CONTEXT('2D SPACE',''
  ) );
#559 = PCURVE('',#560,#565);
#560 = CYLINDRICAL_SURFACE('',#561,1.45);
#561 = AXIS2_PLACEMENT_3D('',#562,#563,#564);
#562 = CARTESIAN_POINT('',(-15.,10.,60.));
#563 = DIRECTION('',(-0.,1.,-0.));
#564 = DIRECTION('',(1.,0.,0.));
#565 = DEFINITIONAL_REPRESENTATION('',(#566),#570);
#566 = LINE('',#567,#568);
#567 = CARTESIAN_POINT('',(-6.28318530718,-10.));
#568 = VECTOR('',#569,1.);
#569 = DIRECTION('',(1.,-0.));
#570 = ( GEOMETRIC_REPRESENTATION_CONTEXT(2) 
PARAMETRIC_REPRESENTATION_CONTEXT() REPRESENTATION_CONTEXT('2D SPACE',''
  ) );
#571 = FACE_BOUND('',#572,.F.);
#572 = EDGE_LOOP('',(#573));
#573 = ORIENTED_EDGE('',*,*,#574,.F.);
#574 = EDGE_CURVE('',#575,#575,#577,.T.);
#575 = VERTEX_POINT('',#576);
#576 = CARTESIAN_POINT('',(16.45,0.,30.));
#577 = SURFACE_CURVE('',#578,(#583,#590),.PCURVE_S1.);
#578 = CIRCLE('',#579,1.45);
#579 = AXIS2_PLACEMENT_3D('',#580,#581,#582);
#580 = CARTESIAN_POINT('',(15.,0.,30.));
#581 = DIRECTION('',(-0.,1.,0.));
#582 = DIRECTION('',(1.,0.,0.));
#583 = PCURVE('',#44,#584);
#584 = DEFINITIONAL_REPRESENTATION('',(#585),#589);
#585 = CIRCLE('',#586,1.45);
#586 = AXIS2_PLACEMENT_2D('',#587,#588);
#587 = CARTESIAN_POINT('',(30.,43.));
#588 = DIRECTION('',(0.,1.));
#589 = ( GEOMETRIC_REPRESENTATION_CONTEXT(2) 
PARAMETRIC_REPRESENTATION_CONTEXT() REPRESENTATION_CONTEXT('2D SPACE',''
  ) );
#590 = PCURVE('',#591,#596);
#591 = CYLINDRICAL_SURFACE('',#592,1.45);
#592 = AXIS2_PLACEMENT_3D('',#593,#594,#595);
#593 = CARTESIAN_POINT('',(15.,10.,30.));
#594 = DIRECTION('',(-0.,1.,-0.));
#595 = DIRECTION('',(1.,0.,0.));
#596 = DEFINITIONAL_REPRESENTATION('',(#597),#601);
#597 = LINE('',#598,#599);
#598 = CARTESIAN_POINT('',(-6.28318530718,-10.));
#599 = VECTOR('',#600,1.);
#600 = DIRECTION('',(1.,-0.));
#601 = ( GEOMETRIC_REPRESENTATION_CONTEXT(2) 
PARAMETRIC_REPRESENTATION_CONTEXT() REPRESENTATION_CONTEXT('2D SPACE',''
  ) );
#602 = FACE_BOUND('',#603,.F.);
#603 = EDGE_LOOP('',(#604));
#604 = ORIENTED_EDGE('',*,*,#605,.F.);
#605 = EDGE_CURVE('',#606,#606,#608,.T.);
#606 = VERTEX_POINT('',#607);
#607 = CARTESIAN_POINT('',(16.45,0.,60.));
#608 = SURFACE_CURVE('',#609,(#614,#621),.PCURVE_S1.);
#609 = CIRCLE('',#610,1.45);
#610 = AXIS2_PLACEMENT_3D('',#611,#612,#613);
#611 = CARTESIAN_POINT('',(15.,0.,60.));
#612 = DIRECTION('',(-0.,1.,0.));
#613 = DIRECTION('',(1.,0.,0.));
#614 = PCURVE('',#44,#615);
#615 = DEFINITIONAL_REPRESENTATION('',(#616),#620);
#616 = CIRCLE('',#617,1.45);
#617 = AXIS2_PLACEMENT_2D('',#618,#619);
#618 = CARTESIAN_POINT('',(60.,43.));
#619 = DIRECTION('',(0.,1.));
#620 = ( GEOMETRIC_REPRESENTATION_CONTEXT(2) 
PARAMETRIC_REPRESENTATION_CONTEXT() REPRESENTATION_CONTEXT('2D SPACE',''
  ) );
#621 = PCURVE('',#622,#627);
#622 = CYLINDRICAL_SURFACE('',#623,1.45);
#623 = AXIS2_PLACEMENT_3D('',#624,#625,#626);
#624 = CARTESIAN_POINT('',(15.,10.,60.));
#625 = DIRECTION('',(-0.,1.,-0.));
#626 = DIRECTION('',(1.,0.,0.));
#627 = DEFINITIONAL_REPRESENTATION('',(#628),#632);
#628 = LINE('',#629,#630);
#629 = CARTESIAN_POINT('',(-6.28318530718,-10.));
#630 = VECTOR('',#631,1.);
#631 = DIRECTION('',(1.,-0.));
#632 = ( GEOMETRIC_REPRESENTATION_CONTEXT(2) 
PARAMETRIC_REPRESENTATION_CONTEXT() REPRESENTATION_CONTEXT('2D SPACE',''
  ) );
#633 = ADVANCED_FACE('',(#634,#682,#713,#744,#775,#895,#926,#1046),#72,
  .F.);
#634 = FACE_BOUND('',#635,.F.);
#635 = EDGE_LOOP('',(#636,#637,#660,#681));
#636 = ORIENTED_EDGE('',*,*,#225,.T.);
#637 = ORIENTED_EDGE('',*,*,#638,.F.);
#638 = EDGE_CURVE('',#639,#226,#641,.T.);
#639 = VERTEX_POINT('',#640);
#640 = CARTESIAN_POINT('',(28.,81.635,0.));
#641 = SURFACE_CURVE('',#642,(#646,#653),.PCURVE_S1.);
#642 = LINE('',#643,#644);
#643 = CARTESIAN_POINT('',(28.,81.635,0.));
#644 = VECTOR('',#645,1.);
#645 = DIRECTION('',(0.,-1.,0.));
#646 = PCURVE('',#72,#647);
#647 = DEFINITIONAL_REPRESENTATION('',(#648),#652);
#648 = LINE('',#649,#650);
#649 = CARTESIAN_POINT('',(56.,81.635));
#650 = VECTOR('',#651,1.);
#651 = DIRECTION('',(0.,-1.));
#652 = ( GEOMETRIC_REPRESENTATION_CONTEXT(2) 
PARAMETRIC_REPRESENTATION_CONTEXT() REPRESENTATION_CONTEXT('2D SPACE',''
  ) );
#653 = PCURVE('',#392,#654);
#654 = DEFINITIONAL_REPRESENTATION('',(#655),#659);
#655 = LINE('',#656,#657);
#656 = CARTESIAN_POINT('',(0.,-81.635));
#657 = VECTOR('',#658,1.);
#658 = DIRECTION('',(0.,1.));
#659 = ( GEOMETRIC_REPRESENTATION_CONTEXT(2) 
PARAMETRIC_REPRESENTATION_CONTEXT() REPRESENTATION_CONTEXT('2D SPACE',''
  ) );
#660 = ORIENTED_EDGE('',*,*,#661,.F.);
#661 = EDGE_CURVE('',#57,#639,#662,.T.);
#662 = SURFACE_CURVE('',#663,(#667,#674),.PCURVE_S1.);
#663 = LINE('',#664,#665);
#664 = CARTESIAN_POINT('',(-28.,81.635,0.));
#665 = VECTOR('',#666,1.);
#666 = DIRECTION('',(1.,0.,0.));
#667 = PCURVE('',#72,#668);
#668 = DEFINITIONAL_REPRESENTATION('',(#669),#673);
#669 = LINE('',#670,#671);
#670 = CARTESIAN_POINT('',(0.,81.635));
#671 = VECTOR('',#672,1.);
#672 = DIRECTION('',(1.,0.));
#673 = ( GEOMETRIC_REPRESENTATION_CONTEXT(2) 
PARAMETRIC_REPRESENTATION_CONTEXT() REPRESENTATION_CONTEXT('2D SPACE',''
  ) );
#674 = PCURVE('',#100,#675);
#675 = DEFINITIONAL_REPRESENTATION('',(#676),#680);
#676 = LINE('',#677,#678);
#677 = CARTESIAN_POINT('',(0.,0.));
#678 = VECTOR('',#679,1.);
#679 = DIRECTION('',(0.,1.));
#680 = ( GEOMETRIC_REPRESENTATION_CONTEXT(2) 
PARAMETRIC_REPRESENTATION_CONTEXT() REPRESENTATION_CONTEXT('2D SPACE',''
  ) );
#681 = ORIENTED_EDGE('',*,*,#56,.T.);
#682 = FACE_BOUND('',#683,.F.);
#683 = EDGE_LOOP('',(#684));
#684 = ORIENTED_EDGE('',*,*,#685,.F.);
#685 = EDGE_CURVE('',#686,#686,#688,.T.);
#686 = VERTEX_POINT('',#687);
#687 = CARTESIAN_POINT('',(-22.25,20.8175,-0.));
#688 = SURFACE_CURVE('',#689,(#694,#701),.PCURVE_S1.);
#689 = CIRCLE('',#690,2.25);
#690 = AXIS2_PLACEMENT_3D('',#691,#692,#693);
#691 = CARTESIAN_POINT('',(-20.,20.8175,0.));
#692 = DIRECTION('',(0.,0.,1.));
#693 = DIRECTION('',(-1.,0.,0.));
#694 = PCURVE('',#72,#695);
#695 = DEFINITIONAL_REPRESENTATION('',(#696),#700);
#696 = CIRCLE('',#697,2.25);
#697 = AXIS2_PLACEMENT_2D('',#698,#699);
#698 = CARTESIAN_POINT('',(8.,20.8175));
#699 = DIRECTION('',(-1.,0.));
#700 = ( GEOMETRIC_REPRESENTATION_CONTEXT(2) 
PARAMETRIC_REPRESENTATION_CONTEXT() REPRESENTATION_CONTEXT('2D SPACE',''
  ) );
#701 = PCURVE('',#702,#707);
#702 = CYLINDRICAL_SURFACE('',#703,2.25);
#703 = AXIS2_PLACEMENT_3D('',#704,#705,#706);
#704 = CARTESIAN_POINT('',(-20.,20.8175,0.));
#705 = DIRECTION('',(0.,0.,1.));
#706 = DIRECTION('',(-1.,0.,0.));
#707 = DEFINITIONAL_REPRESENTATION('',(#708),#712);
#708 = LINE('',#709,#710);
#709 = CARTESIAN_POINT('',(0.,0.));
#710 = VECTOR('',#711,1.);
#711 = DIRECTION('',(1.,0.));
#712 = ( GEOMETRIC_REPRESENTATION_CONTEXT(2) 
PARAMETRIC_REPRESENTATION_CONTEXT() REPRESENTATION_CONTEXT('2D SPACE',''
  ) );
#713 = FACE_BOUND('',#714,.F.);
#714 = EDGE_LOOP('',(#715));
#715 = ORIENTED_EDGE('',*,*,#716,.F.);
#716 = EDGE_CURVE('',#717,#717,#719,.T.);
#717 = VERTEX_POINT('',#718);
#718 = CARTESIAN_POINT('',(17.75,20.8175,-0.));
#719 = SURFACE_CURVE('',#720,(#725,#732),.PCURVE_S1.);
#720 = CIRCLE('',#721,2.25);
#721 = AXIS2_PLACEMENT_3D('',#722,#723,#724);
#722 = CARTESIAN_POINT('',(20.,20.8175,0.));
#723 = DIRECTION('',(0.,0.,1.));
#724 = DIRECTION('',(-1.,0.,0.));
#725 = PCURVE('',#72,#726);
#726 = DEFINITIONAL_REPRESENTATION('',(#727),#731);
#727 = CIRCLE('',#728,2.25);
#728 = AXIS2_PLACEMENT_2D('',#729,#730);
#729 = CARTESIAN_POINT('',(48.,20.8175));
#730 = DIRECTION('',(-1.,0.));
#731 = ( GEOMETRIC_REPRESENTATION_CONTEXT(2) 
PARAMETRIC_REPRESENTATION_CONTEXT() REPRESENTATION_CONTEXT('2D SPACE',''
  ) );
#732 = PCURVE('',#733,#738);
#733 = CYLINDRICAL_SURFACE('',#734,2.25);
#734 = AXIS2_PLACEMENT_3D('',#735,#736,#737);
#735 = CARTESIAN_POINT('',(20.,20.8175,0.));
#736 = DIRECTION('',(0.,0.,1.));
#737 = DIRECTION('',(-1.,0.,0.));
#738 = DEFINITIONAL_REPRESENTATION('',(#739),#743);
#739 = LINE('',#740,#741);
#740 = CARTESIAN_POINT('',(0.,0.));
#741 = VECTOR('',#742,1.);
#742 = DIRECTION('',(1.,0.));
#743 = ( GEOMETRIC_REPRESENTATION_CONTEXT(2) 
PARAMETRIC_REPRESENTATION_CONTEXT() REPRESENTATION_CONTEXT('2D SPACE',''
  ) );
#744 = FACE_BOUND('',#745,.F.);
#745 = EDGE_LOOP('',(#746));
#746 = ORIENTED_EDGE('',*,*,#747,.F.);
#747 = EDGE_CURVE('',#748,#748,#750,.T.);
#748 = VERTEX_POINT('',#749);
#749 = CARTESIAN_POINT('',(-3.5,40.8175,-0.));
#750 = SURFACE_CURVE('',#751,(#756,#763),.PCURVE_S1.);
#751 = CIRCLE('',#752,3.5);
#752 = AXIS2_PLACEMENT_3D('',#753,#754,#755);
#753 = CARTESIAN_POINT('',(0.,40.8175,0.));
#754 = DIRECTION('',(0.,0.,1.));
#755 = DIRECTION('',(-1.,0.,0.));
#756 = PCURVE('',#72,#757);
#757 = DEFINITIONAL_REPRESENTATION('',(#758),#762);
#758 = CIRCLE('',#759,3.5);
#759 = AXIS2_PLACEMENT_2D('',#760,#761);
#760 = CARTESIAN_POINT('',(28.,40.8175));
#761 = DIRECTION('',(-1.,0.));
#762 = ( GEOMETRIC_REPRESENTATION_CONTEXT(2) 
PARAMETRIC_REPRESENTATION_CONTEXT() REPRESENTATION_CONTEXT('2D SPACE',''
  ) );
#763 = PCURVE('',#764,#769);
#764 = CYLINDRICAL_SURFACE('',#765,3.5);
#765 = AXIS2_PLACEMENT_3D('',#766,#767,#768);
#766 = CARTESIAN_POINT('',(0.,40.8175,0.));
#767 = DIRECTION('',(0.,0.,1.));
#768 = DIRECTION('',(-1.,0.,0.));
#769 = DEFINITIONAL_REPRESENTATION('',(#770),#774);
#770 = LINE('',#771,#772);
#771 = CARTESIAN_POINT('',(0.,0.));
#772 = VECTOR('',#773,1.);
#773 = DIRECTION('',(1.,0.));
#774 = ( GEOMETRIC_REPRESENTATION_CONTEXT(2) 
PARAMETRIC_REPRESENTATION_CONTEXT() REPRESENTATION_CONTEXT('2D SPACE',''
  ) );
#775 = FACE_BOUND('',#776,.F.);
#776 = EDGE_LOOP('',(#777,#805,#838,#864));
#777 = ORIENTED_EDGE('',*,*,#778,.F.);
#778 = EDGE_CURVE('',#779,#781,#783,.T.);
#779 = VERTEX_POINT('',#780);
#780 = CARTESIAN_POINT('',(-16.3,71.335,0.));
#781 = VERTEX_POINT('',#782);
#782 = CARTESIAN_POINT('',(-16.3,31.88,0.));
#783 = SURFACE_CURVE('',#784,(#788,#794),.PCURVE_S1.);
#784 = LINE('',#785,#786);
#785 = CARTESIAN_POINT('',(-16.3,15.94,0.));
#786 = VECTOR('',#787,1.);
#787 = DIRECTION('',(-1.110223024625E-16,-1.,0.));
#788 = PCURVE('',#72,#789);
#789 = DEFINITIONAL_REPRESENTATION('',(#790),#793);
#790 = B_SPLINE_CURVE_WITH_KNOTS('',1,(#791,#792),.UNSPECIFIED.,.F.,.F.,
  (2,2),(-55.395,-15.94),.PIECEWISE_BEZIER_KNOTS.);
#791 = CARTESIAN_POINT('',(11.7,71.335));
#792 = CARTESIAN_POINT('',(11.7,31.88));
#793 = ( GEOMETRIC_REPRESENTATION_CONTEXT(2) 
PARAMETRIC_REPRESENTATION_CONTEXT() REPRESENTATION_CONTEXT('2D SPACE',''
  ) );
#794 = PCURVE('',#795,#800);
#795 = PLANE('',#796);
#796 = AXIS2_PLACEMENT_3D('',#797,#798,#799);
#797 = CARTESIAN_POINT('',(-16.3,31.88,-6.));
#798 = DIRECTION('',(-1.,1.110223024625E-16,0.));
#799 = DIRECTION('',(1.110223024625E-16,1.,0.));
#800 = DEFINITIONAL_REPRESENTATION('',(#801),#804);
#801 = B_SPLINE_CURVE_WITH_KNOTS('',1,(#802,#803),.UNSPECIFIED.,.F.,.F.,
  (2,2),(-55.395,-15.94),.PIECEWISE_BEZIER_KNOTS.);
#802 = CARTESIAN_POINT('',(39.455,-6.));
#803 = CARTESIAN_POINT('',(0.,-6.));
#804 = ( GEOMETRIC_REPRESENTATION_CONTEXT(2) 
PARAMETRIC_REPRESENTATION_CONTEXT() REPRESENTATION_CONTEXT('2D SPACE',''
  ) );
#805 = ORIENTED_EDGE('',*,*,#806,.T.);
#806 = EDGE_CURVE('',#779,#807,#809,.T.);
#807 = VERTEX_POINT('',#808);
#808 = CARTESIAN_POINT('',(-11.7,71.335,0.));
#809 = SURFACE_CURVE('',#810,(#815,#826),.PCURVE_S1.);
#810 = CIRCLE('',#811,2.3);
#811 = AXIS2_PLACEMENT_3D('',#812,#813,#814);
#812 = CARTESIAN_POINT('',(-14.,71.335,0.));
#813 = DIRECTION('',(-0.,0.,-1.));
#814 = DIRECTION('',(-1.,-1.433635818755E-15,0.));
#815 = PCURVE('',#72,#816);
#816 = DEFINITIONAL_REPRESENTATION('',(#817),#825);
#817 = ( BOUNDED_CURVE() B_SPLINE_CURVE(2,(#818,#819,#820,#821,#822,#823
,#824),.UNSPECIFIED.,.T.,.F.) B_SPLINE_CURVE_WITH_KNOTS((1,2,2,2,2,1),(
    -2.094395102393,0.,2.094395102393,4.188790204786,6.28318530718,
8.377580409573),.UNSPECIFIED.) CURVE() GEOMETRIC_REPRESENTATION_ITEM() 
RATIONAL_B_SPLINE_CURVE((1.,0.5,1.,0.5,1.,0.5,1.)) REPRESENTATION_ITEM(
  '') );
#818 = CARTESIAN_POINT('',(11.7,71.335));
#819 = CARTESIAN_POINT('',(11.7,75.318716857408));
#820 = CARTESIAN_POINT('',(15.15,73.326858428704));
#821 = CARTESIAN_POINT('',(18.6,71.335));
#822 = CARTESIAN_POINT('',(15.15,69.343141571296));
#823 = CARTESIAN_POINT('',(11.7,67.351283142592));
#824 = CARTESIAN_POINT('',(11.7,71.335));
#825 = ( GEOMETRIC_REPRESENTATION_CONTEXT(2) 
PARAMETRIC_REPRESENTATION_CONTEXT() REPRESENTATION_CONTEXT('2D SPACE',''
  ) );
#826 = PCURVE('',#827,#832);
#827 = CYLINDRICAL_SURFACE('',#828,2.3);
#828 = AXIS2_PLACEMENT_3D('',#829,#830,#831);
#829 = CARTESIAN_POINT('',(-14.,71.335,-6.));
#830 = DIRECTION('',(-0.,0.,-1.));
#831 = DIRECTION('',(-1.,-1.433635818755E-15,0.));
#832 = DEFINITIONAL_REPRESENTATION('',(#833),#837);
#833 = LINE('',#834,#835);
#834 = CARTESIAN_POINT('',(0.,-6.));
#835 = VECTOR('',#836,1.);
#836 = DIRECTION('',(1.,0.));
#837 = ( GEOMETRIC_REPRESENTATION_CONTEXT(2) 
PARAMETRIC_REPRESENTATION_CONTEXT() REPRESENTATION_CONTEXT('2D SPACE',''
  ) );
#838 = ORIENTED_EDGE('',*,*,#839,.F.);
#839 = EDGE_CURVE('',#840,#807,#842,.T.);
#840 = VERTEX_POINT('',#841);
#841 = CARTESIAN_POINT('',(-11.7,31.88,0.));
#842 = SURFACE_CURVE('',#843,(#847,#853),.PCURVE_S1.);
#843 = LINE('',#844,#845);
#844 = CARTESIAN_POINT('',(-11.7,35.6675,0.));
#845 = VECTOR('',#846,1.);
#846 = DIRECTION('',(1.110223024625E-16,1.,-0.));
#847 = PCURVE('',#72,#848);
#848 = DEFINITIONAL_REPRESENTATION('',(#849),#852);
#849 = B_SPLINE_CURVE_WITH_KNOTS('',1,(#850,#851),.UNSPECIFIED.,.F.,.F.,
  (2,2),(-3.7875,35.6675),.PIECEWISE_BEZIER_KNOTS.);
#850 = CARTESIAN_POINT('',(16.3,31.88));
#851 = CARTESIAN_POINT('',(16.3,71.335));
#852 = ( GEOMETRIC_REPRESENTATION_CONTEXT(2) 
PARAMETRIC_REPRESENTATION_CONTEXT() REPRESENTATION_CONTEXT('2D SPACE',''
  ) );
#853 = PCURVE('',#854,#859);
#854 = PLANE('',#855);
#855 = AXIS2_PLACEMENT_3D('',#856,#857,#858);
#856 = CARTESIAN_POINT('',(-11.7,71.335,-6.));
#857 = DIRECTION('',(1.,-1.110223024625E-16,0.));
#858 = DIRECTION('',(-1.110223024625E-16,-1.,0.));
#859 = DEFINITIONAL_REPRESENTATION('',(#860),#863);
#860 = B_SPLINE_CURVE_WITH_KNOTS('',1,(#861,#862),.UNSPECIFIED.,.F.,.F.,
  (2,2),(-3.7875,35.6675),.PIECEWISE_BEZIER_KNOTS.);
#861 = CARTESIAN_POINT('',(39.455,-6.));
#862 = CARTESIAN_POINT('',(0.,-6.));
#863 = ( GEOMETRIC_REPRESENTATION_CONTEXT(2) 
PARAMETRIC_REPRESENTATION_CONTEXT() REPRESENTATION_CONTEXT('2D SPACE',''
  ) );
#864 = ORIENTED_EDGE('',*,*,#865,.T.);
#865 = EDGE_CURVE('',#840,#781,#866,.T.);
#866 = SURFACE_CURVE('',#867,(#872,#883),.PCURVE_S1.);
#867 = CIRCLE('',#868,2.3);
#868 = AXIS2_PLACEMENT_3D('',#869,#870,#871);
#869 = CARTESIAN_POINT('',(-14.,31.88,0.));
#870 = DIRECTION('',(0.,0.,-1.));
#871 = DIRECTION('',(1.,1.433635818755E-15,0.));
#872 = PCURVE('',#72,#873);
#873 = DEFINITIONAL_REPRESENTATION('',(#874),#882);
#874 = ( BOUNDED_CURVE() B_SPLINE_CURVE(2,(#875,#876,#877,#878,#879,#880
,#881),.UNSPECIFIED.,.T.,.F.) B_SPLINE_CURVE_WITH_KNOTS((1,2,2,2,2,1),(
    -2.094395102393,0.,2.094395102393,4.188790204786,6.28318530718,
8.377580409573),.UNSPECIFIED.) CURVE() GEOMETRIC_REPRESENTATION_ITEM() 
RATIONAL_B_SPLINE_CURVE((1.,0.5,1.,0.5,1.,0.5,1.)) REPRESENTATION_ITEM(
  '') );
#875 = CARTESIAN_POINT('',(16.3,31.88));
#876 = CARTESIAN_POINT('',(16.3,27.896283142592));
#877 = CARTESIAN_POINT('',(12.85,29.888141571296));
#878 = CARTESIAN_POINT('',(9.4,31.88));
#879 = CARTESIAN_POINT('',(12.85,33.871858428704));
#880 = CARTESIAN_POINT('',(16.3,35.863716857408));
#881 = CARTESIAN_POINT('',(16.3,31.88));
#882 = ( GEOMETRIC_REPRESENTATION_CONTEXT(2) 
PARAMETRIC_REPRESENTATION_CONTEXT() REPRESENTATION_CONTEXT('2D SPACE',''
  ) );
#883 = PCURVE('',#884,#889);
#884 = CYLINDRICAL_SURFACE('',#885,2.3);
#885 = AXIS2_PLACEMENT_3D('',#886,#887,#888);
#886 = CARTESIAN_POINT('',(-14.,31.88,-6.));
#887 = DIRECTION('',(0.,0.,-1.));
#888 = DIRECTION('',(1.,1.433635818755E-15,0.));
#889 = DEFINITIONAL_REPRESENTATION('',(#890),#894);
#890 = LINE('',#891,#892);
#891 = CARTESIAN_POINT('',(0.,-6.));
#892 = VECTOR('',#893,1.);
#893 = DIRECTION('',(1.,0.));
#894 = ( GEOMETRIC_REPRESENTATION_CONTEXT(2) 
PARAMETRIC_REPRESENTATION_CONTEXT() REPRESENTATION_CONTEXT('2D SPACE',''
  ) );
#895 = FACE_BOUND('',#896,.F.);
#896 = EDGE_LOOP('',(#897));
#897 = ORIENTED_EDGE('',*,*,#898,.F.);
#898 = EDGE_CURVE('',#899,#899,#901,.T.);
#899 = VERTEX_POINT('',#900);
#900 = CARTESIAN_POINT('',(-22.25,60.8175,-0.));
#901 = SURFACE_CURVE('',#902,(#907,#914),.PCURVE_S1.);
#902 = CIRCLE('',#903,2.25);
#903 = AXIS2_PLACEMENT_3D('',#904,#905,#906);
#904 = CARTESIAN_POINT('',(-20.,60.8175,0.));
#905 = DIRECTION('',(0.,0.,1.));
#906 = DIRECTION('',(-1.,0.,0.));
#907 = PCURVE('',#72,#908);
#908 = DEFINITIONAL_REPRESENTATION('',(#909),#913);
#909 = CIRCLE('',#910,2.25);
#910 = AXIS2_PLACEMENT_2D('',#911,#912);
#911 = CARTESIAN_POINT('',(8.,60.8175));
#912 = DIRECTION('',(-1.,0.));
#913 = ( GEOMETRIC_REPRESENTATION_CONTEXT(2) 
PARAMETRIC_REPRESENTATION_CONTEXT() REPRESENTATION_CONTEXT('2D SPACE',''
  ) );
#914 = PCURVE('',#915,#920);
#915 = CYLINDRICAL_SURFACE('',#916,2.25);
#916 = AXIS2_PLACEMENT_3D('',#917,#918,#919);
#917 = CARTESIAN_POINT('',(-20.,60.8175,0.));
#918 = DIRECTION('',(0.,0.,1.));
#919 = DIRECTION('',(-1.,0.,0.));
#920 = DEFINITIONAL_REPRESENTATION('',(#921),#925);
#921 = LINE('',#922,#923);
#922 = CARTESIAN_POINT('',(0.,0.));
#923 = VECTOR('',#924,1.);
#924 = DIRECTION('',(1.,0.));
#925 = ( GEOMETRIC_REPRESENTATION_CONTEXT(2) 
PARAMETRIC_REPRESENTATION_CONTEXT() REPRESENTATION_CONTEXT('2D SPACE',''
  ) );
#926 = FACE_BOUND('',#927,.F.);
#927 = EDGE_LOOP('',(#928,#956,#989,#1015));
#928 = ORIENTED_EDGE('',*,*,#929,.F.);
#929 = EDGE_CURVE('',#930,#932,#934,.T.);
#930 = VERTEX_POINT('',#931);
#931 = CARTESIAN_POINT('',(11.7,71.335,0.));
#932 = VERTEX_POINT('',#933);
#933 = CARTESIAN_POINT('',(11.7,31.88,0.));
#934 = SURFACE_CURVE('',#935,(#939,#945),.PCURVE_S1.);
#935 = LINE('',#936,#937);
#936 = CARTESIAN_POINT('',(11.7,15.94,0.));
#937 = VECTOR('',#938,1.);
#938 = DIRECTION('',(-1.110223024625E-16,-1.,0.));
#939 = PCURVE('',#72,#940);
#940 = DEFINITIONAL_REPRESENTATION('',(#941),#944);
#941 = B_SPLINE_CURVE_WITH_KNOTS('',1,(#942,#943),.UNSPECIFIED.,.F.,.F.,
  (2,2),(-55.395,-15.94),.PIECEWISE_BEZIER_KNOTS.);
#942 = CARTESIAN_POINT('',(39.7,71.335));
#943 = CARTESIAN_POINT('',(39.7,31.88));
#944 = ( GEOMETRIC_REPRESENTATION_CONTEXT(2) 
PARAMETRIC_REPRESENTATION_CONTEXT() REPRESENTATION_CONTEXT('2D SPACE',''
  ) );
#945 = PCURVE('',#946,#951);
#946 = PLANE('',#947);
#947 = AXIS2_PLACEMENT_3D('',#948,#949,#950);
#948 = CARTESIAN_POINT('',(11.7,31.88,-6.));
#949 = DIRECTION('',(-1.,1.110223024625E-16,0.));
#950 = DIRECTION('',(1.110223024625E-16,1.,0.));
#951 = DEFINITIONAL_REPRESENTATION('',(#952),#955);
#952 = B_SPLINE_CURVE_WITH_KNOTS('',1,(#953,#954),.UNSPECIFIED.,.F.,.F.,
  (2,2),(-55.395,-15.94),.PIECEWISE_BEZIER_KNOTS.);
#953 = CARTESIAN_POINT('',(39.455,-6.));
#954 = CARTESIAN_POINT('',(0.,-6.));
#955 = ( GEOMETRIC_REPRESENTATION_CONTEXT(2) 
PARAMETRIC_REPRESENTATION_CONTEXT() REPRESENTATION_CONTEXT('2D SPACE',''
  ) );
#956 = ORIENTED_EDGE('',*,*,#957,.T.);
#957 = EDGE_CURVE('',#930,#958,#960,.T.);
#958 = VERTEX_POINT('',#959);
#959 = CARTESIAN_POINT('',(16.3,71.335,0.));
#960 = SURFACE_CURVE('',#961,(#966,#977),.PCURVE_S1.);
#961 = CIRCLE('',#962,2.3);
#962 = AXIS2_PLACEMENT_3D('',#963,#964,#965);
#963 = CARTESIAN_POINT('',(14.,71.335,0.));
#964 = DIRECTION('',(-0.,0.,-1.));
#965 = DIRECTION('',(-1.,-1.433635818755E-15,0.));
#966 = PCURVE('',#72,#967);
#967 = DEFINITIONAL_REPRESENTATION('',(#968),#976);
#968 = ( BOUNDED_CURVE() B_SPLINE_CURVE(2,(#969,#970,#971,#972,#973,#974
,#975),.UNSPECIFIED.,.T.,.F.) B_SPLINE_CURVE_WITH_KNOTS((1,2,2,2,2,1),(
    -2.094395102393,0.,2.094395102393,4.188790204786,6.28318530718,
8.377580409573),.UNSPECIFIED.) CURVE() GEOMETRIC_REPRESENTATION_ITEM() 
RATIONAL_B_SPLINE_CURVE((1.,0.5,1.,0.5,1.,0.5,1.)) REPRESENTATION_ITEM(
  '') );
#969 = CARTESIAN_POINT('',(39.7,71.335));
#970 = CARTESIAN_POINT('',(39.7,75.318716857408));
#971 = CARTESIAN_POINT('',(43.15,73.326858428704));
#972 = CARTESIAN_POINT('',(46.6,71.335));
#973 = CARTESIAN_POINT('',(43.15,69.343141571296));
#974 = CARTESIAN_POINT('',(39.7,67.351283142592));
#975 = CARTESIAN_POINT('',(39.7,71.335));
#976 = ( GEOMETRIC_REPRESENTATION_CONTEXT(2) 
PARAMETRIC_REPRESENTATION_CONTEXT() REPRESENTATION_CONTEXT('2D SPACE',''
  ) );
#977 = PCURVE('',#978,#983);
#978 = CYLINDRICAL_SURFACE('',#979,2.3);
#979 = AXIS2_PLACEMENT_3D('',#980,#981,#982);
#980 = CARTESIAN_POINT('',(14.,71.335,-6.));
#981 = DIRECTION('',(-0.,0.,-1.));
#982 = DIRECTION('',(-1.,-1.433635818755E-15,0.));
#983 = DEFINITIONAL_REPRESENTATION('',(#984),#988);
#984 = LINE('',#985,#986);
#985 = CARTESIAN_POINT('',(0.,-6.));
#986 = VECTOR('',#987,1.);
#987 = DIRECTION('',(1.,0.));
#988 = ( GEOMETRIC_REPRESENTATION_CONTEXT(2) 
PARAMETRIC_REPRESENTATION_CONTEXT() REPRESENTATION_CONTEXT('2D SPACE',''
  ) );
#989 = ORIENTED_EDGE('',*,*,#990,.F.);
#990 = EDGE_CURVE('',#991,#958,#993,.T.);
#991 = VERTEX_POINT('',#992);
#992 = CARTESIAN_POINT('',(16.3,31.88,0.));
#993 = SURFACE_CURVE('',#994,(#998,#1004),.PCURVE_S1.);
#994 = LINE('',#995,#996);
#995 = CARTESIAN_POINT('',(16.3,35.6675,0.));
#996 = VECTOR('',#997,1.);
#997 = DIRECTION('',(1.110223024625E-16,1.,-0.));
#998 = PCURVE('',#72,#999);
#999 = DEFINITIONAL_REPRESENTATION('',(#1000),#1003);
#1000 = B_SPLINE_CURVE_WITH_KNOTS('',1,(#1001,#1002),.UNSPECIFIED.,.F.,
  .F.,(2,2),(-3.7875,35.6675),.PIECEWISE_BEZIER_KNOTS.);
#1001 = CARTESIAN_POINT('',(44.3,31.88));
#1002 = CARTESIAN_POINT('',(44.3,71.335));
#1003 = ( GEOMETRIC_REPRESENTATION_CONTEXT(2) 
PARAMETRIC_REPRESENTATION_CONTEXT() REPRESENTATION_CONTEXT('2D SPACE',''
  ) );
#1004 = PCURVE('',#1005,#1010);
#1005 = PLANE('',#1006);
#1006 = AXIS2_PLACEMENT_3D('',#1007,#1008,#1009);
#1007 = CARTESIAN_POINT('',(16.3,71.335,-6.));
#1008 = DIRECTION('',(1.,-1.110223024625E-16,0.));
#1009 = DIRECTION('',(-1.110223024625E-16,-1.,0.));
#1010 = DEFINITIONAL_REPRESENTATION('',(#1011),#1014);
#1011 = B_SPLINE_CURVE_WITH_KNOTS('',1,(#1012,#1013),.UNSPECIFIED.,.F.,
  .F.,(2,2),(-3.7875,35.6675),.PIECEWISE_BEZIER_KNOTS.);
#1012 = CARTESIAN_POINT('',(39.455,-6.));
#1013 = CARTESIAN_POINT('',(0.,-6.));
#1014 = ( GEOMETRIC_REPRESENTATION_CONTEXT(2) 
PARAMETRIC_REPRESENTATION_CONTEXT() REPRESENTATION_CONTEXT('2D SPACE',''
  ) );
#1015 = ORIENTED_EDGE('',*,*,#1016,.T.);
#1016 = EDGE_CURVE('',#991,#932,#1017,.T.);
#1017 = SURFACE_CURVE('',#1018,(#1023,#1034),.PCURVE_S1.);
#1018 = CIRCLE('',#1019,2.3);
#1019 = AXIS2_PLACEMENT_3D('',#1020,#1021,#1022);
#1020 = CARTESIAN_POINT('',(14.,31.88,0.));
#1021 = DIRECTION('',(0.,0.,-1.));
#1022 = DIRECTION('',(1.,1.433635818755E-15,0.));
#1023 = PCURVE('',#72,#1024);
#1024 = DEFINITIONAL_REPRESENTATION('',(#1025),#1033);
#1025 = ( BOUNDED_CURVE() B_SPLINE_CURVE(2,(#1026,#1027,#1028,#1029,
#1030,#1031,#1032),.UNSPECIFIED.,.T.,.F.) B_SPLINE_CURVE_WITH_KNOTS((1,2
    ,2,2,2,1),(-2.094395102393,0.,2.094395102393,4.188790204786,
6.28318530718,8.377580409573),.UNSPECIFIED.) CURVE() 
GEOMETRIC_REPRESENTATION_ITEM() RATIONAL_B_SPLINE_CURVE((1.,0.5,1.,0.5,
1.,0.5,1.)) REPRESENTATION_ITEM('') );
#1026 = CARTESIAN_POINT('',(44.3,31.88));
#1027 = CARTESIAN_POINT('',(44.3,27.896283142592));
#1028 = CARTESIAN_POINT('',(40.85,29.888141571296));
#1029 = CARTESIAN_POINT('',(37.4,31.88));
#1030 = CARTESIAN_POINT('',(40.85,33.871858428704));
#1031 = CARTESIAN_POINT('',(44.3,35.863716857408));
#1032 = CARTESIAN_POINT('',(44.3,31.88));
#1033 = ( GEOMETRIC_REPRESENTATION_CONTEXT(2) 
PARAMETRIC_REPRESENTATION_CONTEXT() REPRESENTATION_CONTEXT('2D SPACE',''
  ) );
#1034 = PCURVE('',#1035,#1040);
#1035 = CYLINDRICAL_SURFACE('',#1036,2.3);
#1036 = AXIS2_PLACEMENT_3D('',#1037,#1038,#1039);
#1037 = CARTESIAN_POINT('',(14.,31.88,-6.));
#1038 = DIRECTION('',(0.,0.,-1.));
#1039 = DIRECTION('',(1.,1.433635818755E-15,0.));
#1040 = DEFINITIONAL_REPRESENTATION('',(#1041),#1045);
#1041 = LINE('',#1042,#1043);
#1042 = CARTESIAN_POINT('',(0.,-6.));
#1043 = VECTOR('',#1044,1.);
#1044 = DIRECTION('',(1.,0.));
#1045 = ( GEOMETRIC_REPRESENTATION_CONTEXT(2) 
PARAMETRIC_REPRESENTATION_CONTEXT() REPRESENTATION_CONTEXT('2D SPACE',''
  ) );
#1046 = FACE_BOUND('',#1047,.F.);
#1047 = EDGE_LOOP('',(#1048));
#1048 = ORIENTED_EDGE('',*,*,#1049,.F.);
#1049 = EDGE_CURVE('',#1050,#1050,#1052,.T.);
#1050 = VERTEX_POINT('',#1051);
#1051 = CARTESIAN_POINT('',(17.75,60.8175,-0.));
#1052 = SURFACE_CURVE('',#1053,(#1058,#1065),.PCURVE_S1.);
#1053 = CIRCLE('',#1054,2.25);
#1054 = AXIS2_PLACEMENT_3D('',#1055,#1056,#1057);
#1055 = CARTESIAN_POINT('',(20.,60.8175,0.));
#1056 = DIRECTION('',(0.,0.,1.));
#1057 = DIRECTION('',(-1.,0.,0.));
#1058 = PCURVE('',#72,#1059);
#1059 = DEFINITIONAL_REPRESENTATION('',(#1060),#1064);
#1060 = CIRCLE('',#1061,2.25);
#1061 = AXIS2_PLACEMENT_2D('',#1062,#1063);
#1062 = CARTESIAN_POINT('',(48.,60.8175));
#1063 = DIRECTION('',(-1.,0.));
#1064 = ( GEOMETRIC_REPRESENTATION_CONTEXT(2) 
PARAMETRIC_REPRESENTATION_CONTEXT() REPRESENTATION_CONTEXT('2D SPACE',''
  ) );
#1065 = PCURVE('',#1066,#1071);
#1066 = CYLINDRICAL_SURFACE('',#1067,2.25);
#1067 = AXIS2_PLACEMENT_3D('',#1068,#1069,#1070);
#1068 = CARTESIAN_POINT('',(20.,60.8175,0.));
#1069 = DIRECTION('',(0.,0.,1.));
#1070 = DIRECTION('',(-1.,0.,0.));
#1071 = DEFINITIONAL_REPRESENTATION('',(#1072),#1076);
#1072 = LINE('',#1073,#1074);
#1073 = CARTESIAN_POINT('',(0.,0.));
#1074 = VECTOR('',#1075,1.);
#1075 = DIRECTION('',(1.,0.));
#1076 = ( GEOMETRIC_REPRESENTATION_CONTEXT(2) 
PARAMETRIC_REPRESENTATION_CONTEXT() REPRESENTATION_CONTEXT('2D SPACE',''
  ) );
#1077 = ADVANCED_FACE('',(#1078),#100,.T.);
#1078 = FACE_BOUND('',#1079,.T.);
#1079 = EDGE_LOOP('',(#1080,#1081,#1082,#1105));
#1080 = ORIENTED_EDGE('',*,*,#661,.F.);
#1081 = ORIENTED_EDGE('',*,*,#84,.T.);
#1082 = ORIENTED_EDGE('',*,*,#1083,.T.);
#1083 = EDGE_CURVE('',#85,#1084,#1086,.T.);
#1084 = VERTEX_POINT('',#1085);
#1085 = CARTESIAN_POINT('',(28.,81.635,6.));
#1086 = SURFACE_CURVE('',#1087,(#1091,#1098),.PCURVE_S1.);
#1087 = LINE('',#1088,#1089);
#1088 = CARTESIAN_POINT('',(-28.,81.635,6.));
#1089 = VECTOR('',#1090,1.);
#1090 = DIRECTION('',(1.,0.,0.));
#1091 = PCURVE('',#100,#1092);
#1092 = DEFINITIONAL_REPRESENTATION('',(#1093),#1097);
#1093 = LINE('',#1094,#1095);
#1094 = CARTESIAN_POINT('',(6.,0.));
#1095 = VECTOR('',#1096,1.);
#1096 = DIRECTION('',(0.,1.));
#1097 = ( GEOMETRIC_REPRESENTATION_CONTEXT(2) 
PARAMETRIC_REPRESENTATION_CONTEXT() REPRESENTATION_CONTEXT('2D SPACE',''
  ) );
#1098 = PCURVE('',#128,#1099);
#1099 = DEFINITIONAL_REPRESENTATION('',(#1100),#1104);
#1100 = LINE('',#1101,#1102);
#1101 = CARTESIAN_POINT('',(0.,81.635));
#1102 = VECTOR('',#1103,1.);
#1103 = DIRECTION('',(1.,0.));
#1104 = ( GEOMETRIC_REPRESENTATION_CONTEXT(2) 
PARAMETRIC_REPRESENTATION_CONTEXT() REPRESENTATION_CONTEXT('2D SPACE',''
  ) );
#1105 = ORIENTED_EDGE('',*,*,#1106,.F.);
#1106 = EDGE_CURVE('',#639,#1084,#1107,.T.);
#1107 = SURFACE_CURVE('',#1108,(#1112,#1119),.PCURVE_S1.);
#1108 = LINE('',#1109,#1110);
#1109 = CARTESIAN_POINT('',(28.,81.635,0.));
#1110 = VECTOR('',#1111,1.);
#1111 = DIRECTION('',(0.,0.,1.));
#1112 = PCURVE('',#100,#1113);
#1113 = DEFINITIONAL_REPRESENTATION('',(#1114),#1118);
#1114 = LINE('',#1115,#1116);
#1115 = CARTESIAN_POINT('',(0.,56.));
#1116 = VECTOR('',#1117,1.);
#1117 = DIRECTION('',(1.,0.));
#1118 = ( GEOMETRIC_REPRESENTATION_CONTEXT(2) 
PARAMETRIC_REPRESENTATION_CONTEXT() REPRESENTATION_CONTEXT('2D SPACE',''
  ) );
#1119 = PCURVE('',#392,#1120);
#1120 = DEFINITIONAL_REPRESENTATION('',(#1121),#1125);
#1121 = LINE('',#1122,#1123);
#1122 = CARTESIAN_POINT('',(0.,-81.635));
#1123 = VECTOR('',#1124,1.);
#1124 = DIRECTION('',(1.,0.));
#1125 = ( GEOMETRIC_REPRESENTATION_CONTEXT(2) 
PARAMETRIC_REPRESENTATION_CONTEXT() REPRESENTATION_CONTEXT('2D SPACE',''
  ) );
#1126 = ADVANCED_FACE('',(#1127,#1280,#1306,#1332,#1358,#1458,#1484,
    #1584),#128,.T.);
#1127 = FACE_BOUND('',#1128,.T.);
#1128 = EDGE_LOOP('',(#1129,#1130,#1153,#1181,#1202,#1230,#1258,#1279));
#1129 = ORIENTED_EDGE('',*,*,#112,.F.);
#1130 = ORIENTED_EDGE('',*,*,#1131,.T.);
#1131 = EDGE_CURVE('',#113,#1132,#1134,.T.);
#1132 = VERTEX_POINT('',#1133);
#1133 = CARTESIAN_POINT('',(-24.,26.,6.));
#1134 = SURFACE_CURVE('',#1135,(#1139,#1146),.PCURVE_S1.);
#1135 = LINE('',#1136,#1137);
#1136 = CARTESIAN_POINT('',(-28.,26.,6.));
#1137 = VECTOR('',#1138,1.);
#1138 = DIRECTION('',(1.,0.,0.));
#1139 = PCURVE('',#128,#1140);
#1140 = DEFINITIONAL_REPRESENTATION('',(#1141),#1145);
#1141 = LINE('',#1142,#1143);
#1142 = CARTESIAN_POINT('',(0.,26.));
#1143 = VECTOR('',#1144,1.);
#1144 = DIRECTION('',(1.,0.));
#1145 = ( GEOMETRIC_REPRESENTATION_CONTEXT(2) 
PARAMETRIC_REPRESENTATION_CONTEXT() REPRESENTATION_CONTEXT('2D SPACE',''
  ) );
#1146 = PCURVE('',#156,#1147);
#1147 = DEFINITIONAL_REPRESENTATION('',(#1148),#1152);
#1148 = LINE('',#1149,#1150);
#1149 = CARTESIAN_POINT('',(39.115214431216,0.));
#1150 = VECTOR('',#1151,1.);
#1151 = DIRECTION('',(0.,-1.));
#1152 = ( GEOMETRIC_REPRESENTATION_CONTEXT(2) 
PARAMETRIC_REPRESENTATION_CONTEXT() REPRESENTATION_CONTEXT('2D SPACE',''
  ) );
#1153 = ORIENTED_EDGE('',*,*,#1154,.T.);
#1154 = EDGE_CURVE('',#1132,#1155,#1157,.T.);
#1155 = VERTEX_POINT('',#1156);
#1156 = CARTESIAN_POINT('',(-24.,5.,6.));
#1157 = SURFACE_CURVE('',#1158,(#1162,#1169),.PCURVE_S1.);
#1158 = LINE('',#1159,#1160);
#1159 = CARTESIAN_POINT('',(-24.,26.,6.));
#1160 = VECTOR('',#1161,1.);
#1161 = DIRECTION('',(0.,-1.,0.));
#1162 = PCURVE('',#128,#1163);
#1163 = DEFINITIONAL_REPRESENTATION('',(#1164),#1168);
#1164 = LINE('',#1165,#1166);
#1165 = CARTESIAN_POINT('',(4.,26.));
#1166 = VECTOR('',#1167,1.);
#1167 = DIRECTION('',(0.,-1.));
#1168 = ( GEOMETRIC_REPRESENTATION_CONTEXT(2) 
PARAMETRIC_REPRESENTATION_CONTEXT() REPRESENTATION_CONTEXT('2D SPACE',''
  ) );
#1169 = PCURVE('',#1170,#1175);
#1170 = PLANE('',#1171);
#1171 = AXIS2_PLACEMENT_3D('',#1172,#1173,#1174);
#1172 = CARTESIAN_POINT('',(-24.,11.778803607804,18.778803607804));
#1173 = DIRECTION('',(-1.,-0.,-0.));
#1174 = DIRECTION('',(0.,0.,-1.));
#1175 = DEFINITIONAL_REPRESENTATION('',(#1176),#1180);
#1176 = LINE('',#1177,#1178);
#1177 = CARTESIAN_POINT('',(12.778803607804,-14.22119639219));
#1178 = VECTOR('',#1179,1.);
#1179 = DIRECTION('',(0.,1.));
#1180 = ( GEOMETRIC_REPRESENTATION_CONTEXT(2) 
PARAMETRIC_REPRESENTATION_CONTEXT() REPRESENTATION_CONTEXT('2D SPACE',''
  ) );
#1181 = ORIENTED_EDGE('',*,*,#1182,.F.);
#1182 = EDGE_CURVE('',#1183,#1155,#1185,.T.);
#1183 = VERTEX_POINT('',#1184);
#1184 = CARTESIAN_POINT('',(24.,5.,6.));
#1185 = SURFACE_CURVE('',#1186,(#1190,#1196),.PCURVE_S1.);
#1186 = LINE('',#1187,#1188);
#1187 = CARTESIAN_POINT('',(-28.,5.,6.));
#1188 = VECTOR('',#1189,1.);
#1189 = DIRECTION('',(-1.,0.,0.));
#1190 = PCURVE('',#128,#1191);
#1191 = DEFINITIONAL_REPRESENTATION('',(#1192),#1195);
#1192 = B_SPLINE_CURVE_WITH_KNOTS('',1,(#1193,#1194),.UNSPECIFIED.,.F.,
  .F.,(2,2),(-56.,0.),.PIECEWISE_BEZIER_KNOTS.);
#1193 = CARTESIAN_POINT('',(56.,5.));
#1194 = CARTESIAN_POINT('',(0.,5.));
#1195 = ( GEOMETRIC_REPRESENTATION_CONTEXT(2) 
PARAMETRIC_REPRESENTATION_CONTEXT() REPRESENTATION_CONTEXT('2D SPACE',''
  ) );
#1196 = PCURVE('',#184,#1197);
#1197 = DEFINITIONAL_REPRESENTATION('',(#1198),#1201);
#1198 = B_SPLINE_CURVE_WITH_KNOTS('',1,(#1199,#1200),.UNSPECIFIED.,.F.,
  .F.,(2,2),(-56.,0.),.PIECEWISE_BEZIER_KNOTS.);
#1199 = CARTESIAN_POINT('',(6.,56.));
#1200 = CARTESIAN_POINT('',(6.,0.));
#1201 = ( GEOMETRIC_REPRESENTATION_CONTEXT(2) 
PARAMETRIC_REPRESENTATION_CONTEXT() REPRESENTATION_CONTEXT('2D SPACE',''
  ) );
#1202 = ORIENTED_EDGE('',*,*,#1203,.F.);
#1203 = EDGE_CURVE('',#1204,#1183,#1206,.T.);
#1204 = VERTEX_POINT('',#1205);
#1205 = CARTESIAN_POINT('',(24.,26.,6.));
#1206 = SURFACE_CURVE('',#1207,(#1211,#1218),.PCURVE_S1.);
#1207 = LINE('',#1208,#1209);
#1208 = CARTESIAN_POINT('',(24.,26.,6.));
#1209 = VECTOR('',#1210,1.);
#1210 = DIRECTION('',(0.,-1.,0.));
#1211 = PCURVE('',#128,#1212);
#1212 = DEFINITIONAL_REPRESENTATION('',(#1213),#1217);
#1213 = LINE('',#1214,#1215);
#1214 = CARTESIAN_POINT('',(52.,26.));
#1215 = VECTOR('',#1216,1.);
#1216 = DIRECTION('',(0.,-1.));
#1217 = ( GEOMETRIC_REPRESENTATION_CONTEXT(2) 
PARAMETRIC_REPRESENTATION_CONTEXT() REPRESENTATION_CONTEXT('2D SPACE',''
  ) );
#1218 = PCURVE('',#1219,#1224);
#1219 = PLANE('',#1220);
#1220 = AXIS2_PLACEMENT_3D('',#1221,#1222,#1223);
#1221 = CARTESIAN_POINT('',(24.,11.778803607804,18.778803607804));
#1222 = DIRECTION('',(-1.,-0.,-0.));
#1223 = DIRECTION('',(0.,0.,-1.));
#1224 = DEFINITIONAL_REPRESENTATION('',(#1225),#1229);
#1225 = LINE('',#1226,#1227);
#1226 = CARTESIAN_POINT('',(12.778803607804,-14.22119639219));
#1227 = VECTOR('',#1228,1.);
#1228 = DIRECTION('',(0.,1.));
#1229 = ( GEOMETRIC_REPRESENTATION_CONTEXT(2) 
PARAMETRIC_REPRESENTATION_CONTEXT() REPRESENTATION_CONTEXT('2D SPACE',''
  ) );
#1230 = ORIENTED_EDGE('',*,*,#1231,.T.);
#1231 = EDGE_CURVE('',#1204,#1232,#1234,.T.);
#1232 = VERTEX_POINT('',#1233);
#1233 = CARTESIAN_POINT('',(28.,26.,6.));
#1234 = SURFACE_CURVE('',#1235,(#1239,#1246),.PCURVE_S1.);
#1235 = LINE('',#1236,#1237);
#1236 = CARTESIAN_POINT('',(24.,26.,6.));
#1237 = VECTOR('',#1238,1.);
#1238 = DIRECTION('',(1.,0.,0.));
#1239 = PCURVE('',#128,#1240);
#1240 = DEFINITIONAL_REPRESENTATION('',(#1241),#1245);
#1241 = LINE('',#1242,#1243);
#1242 = CARTESIAN_POINT('',(52.,26.));
#1243 = VECTOR('',#1244,1.);
#1244 = DIRECTION('',(1.,0.));
#1245 = ( GEOMETRIC_REPRESENTATION_CONTEXT(2) 
PARAMETRIC_REPRESENTATION_CONTEXT() REPRESENTATION_CONTEXT('2D SPACE',''
  ) );
#1246 = PCURVE('',#1247,#1252);
#1247 = PLANE('',#1248);
#1248 = AXIS2_PLACEMENT_3D('',#1249,#1250,#1251);
#1249 = CARTESIAN_POINT('',(24.,5.,39.));
#1250 = DIRECTION('',(-0.,0.843661487732,0.536875492193));
#1251 = DIRECTION('',(0.,0.536875492193,-0.843661487732));
#1252 = DEFINITIONAL_REPRESENTATION('',(#1253),#1257);
#1253 = LINE('',#1254,#1255);
#1254 = CARTESIAN_POINT('',(39.115214431216,0.));
#1255 = VECTOR('',#1256,1.);
#1256 = DIRECTION('',(0.,-1.));
#1257 = ( GEOMETRIC_REPRESENTATION_CONTEXT(2) 
PARAMETRIC_REPRESENTATION_CONTEXT() REPRESENTATION_CONTEXT('2D SPACE',''
  ) );
#1258 = ORIENTED_EDGE('',*,*,#1259,.T.);
#1259 = EDGE_CURVE('',#1232,#1084,#1260,.T.);
#1260 = SURFACE_CURVE('',#1261,(#1265,#1272),.PCURVE_S1.);
#1261 = LINE('',#1262,#1263);
#1262 = CARTESIAN_POINT('',(28.,0.,6.));
#1263 = VECTOR('',#1264,1.);
#1264 = DIRECTION('',(0.,1.,0.));
#1265 = PCURVE('',#128,#1266);
#1266 = DEFINITIONAL_REPRESENTATION('',(#1267),#1271);
#1267 = LINE('',#1268,#1269);
#1268 = CARTESIAN_POINT('',(56.,0.));
#1269 = VECTOR('',#1270,1.);
#1270 = DIRECTION('',(0.,1.));
#1271 = ( GEOMETRIC_REPRESENTATION_CONTEXT(2) 
PARAMETRIC_REPRESENTATION_CONTEXT() REPRESENTATION_CONTEXT('2D SPACE',''
  ) );
#1272 = PCURVE('',#392,#1273);
#1273 = DEFINITIONAL_REPRESENTATION('',(#1274),#1278);
#1274 = LINE('',#1275,#1276);
#1275 = CARTESIAN_POINT('',(6.,0.));
#1276 = VECTOR('',#1277,1.);
#1277 = DIRECTION('',(0.,-1.));
#1278 = ( GEOMETRIC_REPRESENTATION_CONTEXT(2) 
PARAMETRIC_REPRESENTATION_CONTEXT() REPRESENTATION_CONTEXT('2D SPACE',''
  ) );
#1279 = ORIENTED_EDGE('',*,*,#1083,.F.);
#1280 = FACE_BOUND('',#1281,.T.);
#1281 = EDGE_LOOP('',(#1282));
#1282 = ORIENTED_EDGE('',*,*,#1283,.F.);
#1283 = EDGE_CURVE('',#1284,#1284,#1286,.T.);
#1284 = VERTEX_POINT('',#1285);
#1285 = CARTESIAN_POINT('',(-22.25,20.8175,6.));
#1286 = SURFACE_CURVE('',#1287,(#1292,#1299),.PCURVE_S1.);
#1287 = CIRCLE('',#1288,2.25);
#1288 = AXIS2_PLACEMENT_3D('',#1289,#1290,#1291);
#1289 = CARTESIAN_POINT('',(-20.,20.8175,6.));
#1290 = DIRECTION('',(0.,0.,1.));
#1291 = DIRECTION('',(-1.,0.,0.));
#1292 = PCURVE('',#128,#1293);
#1293 = DEFINITIONAL_REPRESENTATION('',(#1294),#1298);
#1294 = CIRCLE('',#1295,2.25);
#1295 = AXIS2_PLACEMENT_2D('',#1296,#1297);
#1296 = CARTESIAN_POINT('',(8.,20.8175));
#1297 = DIRECTION('',(-1.,0.));
#1298 = ( GEOMETRIC_REPRESENTATION_CONTEXT(2) 
PARAMETRIC_REPRESENTATION_CONTEXT() REPRESENTATION_CONTEXT('2D SPACE',''
  ) );
#1299 = PCURVE('',#702,#1300);
#1300 = DEFINITIONAL_REPRESENTATION('',(#1301),#1305);
#1301 = LINE('',#1302,#1303);
#1302 = CARTESIAN_POINT('',(0.,6.));
#1303 = VECTOR('',#1304,1.);
#1304 = DIRECTION('',(1.,0.));
#1305 = ( GEOMETRIC_REPRESENTATION_CONTEXT(2) 
PARAMETRIC_REPRESENTATION_CONTEXT() REPRESENTATION_CONTEXT('2D SPACE',''
  ) );
#1306 = FACE_BOUND('',#1307,.T.);
#1307 = EDGE_LOOP('',(#1308));
#1308 = ORIENTED_EDGE('',*,*,#1309,.F.);
#1309 = EDGE_CURVE('',#1310,#1310,#1312,.T.);
#1310 = VERTEX_POINT('',#1311);
#1311 = CARTESIAN_POINT('',(17.75,20.8175,6.));
#1312 = SURFACE_CURVE('',#1313,(#1318,#1325),.PCURVE_S1.);
#1313 = CIRCLE('',#1314,2.25);
#1314 = AXIS2_PLACEMENT_3D('',#1315,#1316,#1317);
#1315 = CARTESIAN_POINT('',(20.,20.8175,6.));
#1316 = DIRECTION('',(0.,0.,1.));
#1317 = DIRECTION('',(-1.,0.,0.));
#1318 = PCURVE('',#128,#1319);
#1319 = DEFINITIONAL_REPRESENTATION('',(#1320),#1324);
#1320 = CIRCLE('',#1321,2.25);
#1321 = AXIS2_PLACEMENT_2D('',#1322,#1323);
#1322 = CARTESIAN_POINT('',(48.,20.8175));
#1323 = DIRECTION('',(-1.,0.));
#1324 = ( GEOMETRIC_REPRESENTATION_CONTEXT(2) 
PARAMETRIC_REPRESENTATION_CONTEXT() REPRESENTATION_CONTEXT('2D SPACE',''
  ) );
#1325 = PCURVE('',#733,#1326);
#1326 = DEFINITIONAL_REPRESENTATION('',(#1327),#1331);
#1327 = LINE('',#1328,#1329);
#1328 = CARTESIAN_POINT('',(0.,6.));
#1329 = VECTOR('',#1330,1.);
#1330 = DIRECTION('',(1.,0.));
#1331 = ( GEOMETRIC_REPRESENTATION_CONTEXT(2) 
PARAMETRIC_REPRESENTATION_CONTEXT() REPRESENTATION_CONTEXT('2D SPACE',''
  ) );
#1332 = FACE_BOUND('',#1333,.T.);
#1333 = EDGE_LOOP('',(#1334));
#1334 = ORIENTED_EDGE('',*,*,#1335,.F.);
#1335 = EDGE_CURVE('',#1336,#1336,#1338,.T.);
#1336 = VERTEX_POINT('',#1337);
#1337 = CARTESIAN_POINT('',(-3.5,40.8175,6.));
#1338 = SURFACE_CURVE('',#1339,(#1344,#1351),.PCURVE_S1.);
#1339 = CIRCLE('',#1340,3.5);
#1340 = AXIS2_PLACEMENT_3D('',#1341,#1342,#1343);
#1341 = CARTESIAN_POINT('',(0.,40.8175,6.));
#1342 = DIRECTION('',(0.,0.,1.));
#1343 = DIRECTION('',(-1.,0.,0.));
#1344 = PCURVE('',#128,#1345);
#1345 = DEFINITIONAL_REPRESENTATION('',(#1346),#1350);
#1346 = CIRCLE('',#1347,3.5);
#1347 = AXIS2_PLACEMENT_2D('',#1348,#1349);
#1348 = CARTESIAN_POINT('',(28.,40.8175));
#1349 = DIRECTION('',(-1.,0.));
#1350 = ( GEOMETRIC_REPRESENTATION_CONTEXT(2) 
PARAMETRIC_REPRESENTATION_CONTEXT() REPRESENTATION_CONTEXT('2D SPACE',''
  ) );
#1351 = PCURVE('',#764,#1352);
#1352 = DEFINITIONAL_REPRESENTATION('',(#1353),#1357);
#1353 = LINE('',#1354,#1355);
#1354 = CARTESIAN_POINT('',(0.,6.));
#1355 = VECTOR('',#1356,1.);
#1356 = DIRECTION('',(1.,0.));
#1357 = ( GEOMETRIC_REPRESENTATION_CONTEXT(2) 
PARAMETRIC_REPRESENTATION_CONTEXT() REPRESENTATION_CONTEXT('2D SPACE',''
  ) );
#1358 = FACE_BOUND('',#1359,.T.);
#1359 = EDGE_LOOP('',(#1360,#1383,#1411,#1432));
#1360 = ORIENTED_EDGE('',*,*,#1361,.F.);
#1361 = EDGE_CURVE('',#1362,#1364,#1366,.T.);
#1362 = VERTEX_POINT('',#1363);
#1363 = CARTESIAN_POINT('',(-16.3,71.335,6.));
#1364 = VERTEX_POINT('',#1365);
#1365 = CARTESIAN_POINT('',(-16.3,31.88,6.));
#1366 = SURFACE_CURVE('',#1367,(#1371,#1377),.PCURVE_S1.);
#1367 = LINE('',#1368,#1369);
#1368 = CARTESIAN_POINT('',(-16.3,15.94,6.));
#1369 = VECTOR('',#1370,1.);
#1370 = DIRECTION('',(-1.110223024625E-16,-1.,0.));
#1371 = PCURVE('',#128,#1372);
#1372 = DEFINITIONAL_REPRESENTATION('',(#1373),#1376);
#1373 = B_SPLINE_CURVE_WITH_KNOTS('',1,(#1374,#1375),.UNSPECIFIED.,.F.,
  .F.,(2,2),(-55.395,-15.94),.PIECEWISE_BEZIER_KNOTS.);
#1374 = CARTESIAN_POINT('',(11.7,71.335));
#1375 = CARTESIAN_POINT('',(11.7,31.88));
#1376 = ( GEOMETRIC_REPRESENTATION_CONTEXT(2) 
PARAMETRIC_REPRESENTATION_CONTEXT() REPRESENTATION_CONTEXT('2D SPACE',''
  ) );
#1377 = PCURVE('',#795,#1378);
#1378 = DEFINITIONAL_REPRESENTATION('',(#1379),#1382);
#1379 = B_SPLINE_CURVE_WITH_KNOTS('',1,(#1380,#1381),.UNSPECIFIED.,.F.,
  .F.,(2,2),(-55.395,-15.94),.PIECEWISE_BEZIER_KNOTS.);
#1380 = CARTESIAN_POINT('',(39.455,-12.));
#1381 = CARTESIAN_POINT('',(0.,-12.));
#1382 = ( GEOMETRIC_REPRESENTATION_CONTEXT(2) 
PARAMETRIC_REPRESENTATION_CONTEXT() REPRESENTATION_CONTEXT('2D SPACE',''
  ) );
#1383 = ORIENTED_EDGE('',*,*,#1384,.T.);
#1384 = EDGE_CURVE('',#1362,#1385,#1387,.T.);
#1385 = VERTEX_POINT('',#1386);
#1386 = CARTESIAN_POINT('',(-11.7,71.335,6.));
#1387 = SURFACE_CURVE('',#1388,(#1393,#1404),.PCURVE_S1.);
#1388 = CIRCLE('',#1389,2.3);
#1389 = AXIS2_PLACEMENT_3D('',#1390,#1391,#1392);
#1390 = CARTESIAN_POINT('',(-14.,71.335,6.));
#1391 = DIRECTION('',(-0.,0.,-1.));
#1392 = DIRECTION('',(-1.,-1.433635818755E-15,0.));
#1393 = PCURVE('',#128,#1394);
#1394 = DEFINITIONAL_REPRESENTATION('',(#1395),#1403);
#1395 = ( BOUNDED_CURVE() B_SPLINE_CURVE(2,(#1396,#1397,#1398,#1399,
#1400,#1401,#1402),.UNSPECIFIED.,.T.,.F.) B_SPLINE_CURVE_WITH_KNOTS((1,2
    ,2,2,2,1),(-2.094395102393,0.,2.094395102393,4.188790204786,
6.28318530718,8.377580409573),.UNSPECIFIED.) CURVE() 
GEOMETRIC_REPRESENTATION_ITEM() RATIONAL_B_SPLINE_CURVE((1.,0.5,1.,0.5,
1.,0.5,1.)) REPRESENTATION_ITEM('') );
#1396 = CARTESIAN_POINT('',(11.7,71.335));
#1397 = CARTESIAN_POINT('',(11.7,75.318716857408));
#1398 = CARTESIAN_POINT('',(15.15,73.326858428704));
#1399 = CARTESIAN_POINT('',(18.6,71.335));
#1400 = CARTESIAN_POINT('',(15.15,69.343141571296));
#1401 = CARTESIAN_POINT('',(11.7,67.351283142592));
#1402 = CARTESIAN_POINT('',(11.7,71.335));
#1403 = ( GEOMETRIC_REPRESENTATION_CONTEXT(2) 
PARAMETRIC_REPRESENTATION_CONTEXT() REPRESENTATION_CONTEXT('2D SPACE',''
  ) );
#1404 = PCURVE('',#827,#1405);
#1405 = DEFINITIONAL_REPRESENTATION('',(#1406),#1410);
#1406 = LINE('',#1407,#1408);
#1407 = CARTESIAN_POINT('',(0.,-12.));
#1408 = VECTOR('',#1409,1.);
#1409 = DIRECTION('',(1.,0.));
#1410 = ( GEOMETRIC_REPRESENTATION_CONTEXT(2) 
PARAMETRIC_REPRESENTATION_CONTEXT() REPRESENTATION_CONTEXT('2D SPACE',''
  ) );
#1411 = ORIENTED_EDGE('',*,*,#1412,.F.);
#1412 = EDGE_CURVE('',#1413,#1385,#1415,.T.);
#1413 = VERTEX_POINT('',#1414);
#1414 = CARTESIAN_POINT('',(-11.7,31.88,6.));
#1415 = SURFACE_CURVE('',#1416,(#1420,#1426),.PCURVE_S1.);
#1416 = LINE('',#1417,#1418);
#1417 = CARTESIAN_POINT('',(-11.7,35.6675,6.));
#1418 = VECTOR('',#1419,1.);
#1419 = DIRECTION('',(1.110223024625E-16,1.,-0.));
#1420 = PCURVE('',#128,#1421);
#1421 = DEFINITIONAL_REPRESENTATION('',(#1422),#1425);
#1422 = B_SPLINE_CURVE_WITH_KNOTS('',1,(#1423,#1424),.UNSPECIFIED.,.F.,
  .F.,(2,2),(-3.7875,35.6675),.PIECEWISE_BEZIER_KNOTS.);
#1423 = CARTESIAN_POINT('',(16.3,31.88));
#1424 = CARTESIAN_POINT('',(16.3,71.335));
#1425 = ( GEOMETRIC_REPRESENTATION_CONTEXT(2) 
PARAMETRIC_REPRESENTATION_CONTEXT() REPRESENTATION_CONTEXT('2D SPACE',''
  ) );
#1426 = PCURVE('',#854,#1427);
#1427 = DEFINITIONAL_REPRESENTATION('',(#1428),#1431);
#1428 = B_SPLINE_CURVE_WITH_KNOTS('',1,(#1429,#1430),.UNSPECIFIED.,.F.,
  .F.,(2,2),(-3.7875,35.6675),.PIECEWISE_BEZIER_KNOTS.);
#1429 = CARTESIAN_POINT('',(39.455,-12.));
#1430 = CARTESIAN_POINT('',(0.,-12.));
#1431 = ( GEOMETRIC_REPRESENTATION_CONTEXT(2) 
PARAMETRIC_REPRESENTATION_CONTEXT() REPRESENTATION_CONTEXT('2D SPACE',''
  ) );
#1432 = ORIENTED_EDGE('',*,*,#1433,.T.);
#1433 = EDGE_CURVE('',#1413,#1364,#1434,.T.);
#1434 = SURFACE_CURVE('',#1435,(#1440,#1451),.PCURVE_S1.);
#1435 = CIRCLE('',#1436,2.3);
#1436 = AXIS2_PLACEMENT_3D('',#1437,#1438,#1439);
#1437 = CARTESIAN_POINT('',(-14.,31.88,6.));
#1438 = DIRECTION('',(0.,0.,-1.));
#1439 = DIRECTION('',(1.,1.433635818755E-15,0.));
#1440 = PCURVE('',#128,#1441);
#1441 = DEFINITIONAL_REPRESENTATION('',(#1442),#1450);
#1442 = ( BOUNDED_CURVE() B_SPLINE_CURVE(2,(#1443,#1444,#1445,#1446,
#1447,#1448,#1449),.UNSPECIFIED.,.T.,.F.) B_SPLINE_CURVE_WITH_KNOTS((1,2
    ,2,2,2,1),(-2.094395102393,0.,2.094395102393,4.188790204786,
6.28318530718,8.377580409573),.UNSPECIFIED.) CURVE() 
GEOMETRIC_REPRESENTATION_ITEM() RATIONAL_B_SPLINE_CURVE((1.,0.5,1.,0.5,
1.,0.5,1.)) REPRESENTATION_ITEM('') );
#1443 = CARTESIAN_POINT('',(16.3,31.88));
#1444 = CARTESIAN_POINT('',(16.3,27.896283142592));
#1445 = CARTESIAN_POINT('',(12.85,29.888141571296));
#1446 = CARTESIAN_POINT('',(9.4,31.88));
#1447 = CARTESIAN_POINT('',(12.85,33.871858428704));
#1448 = CARTESIAN_POINT('',(16.3,35.863716857408));
#1449 = CARTESIAN_POINT('',(16.3,31.88));
#1450 = ( GEOMETRIC_REPRESENTATION_CONTEXT(2) 
PARAMETRIC_REPRESENTATION_CONTEXT() REPRESENTATION_CONTEXT('2D SPACE',''
  ) );
#1451 = PCURVE('',#884,#1452);
#1452 = DEFINITIONAL_REPRESENTATION('',(#1453),#1457);
#1453 = LINE('',#1454,#1455);
#1454 = CARTESIAN_POINT('',(0.,-12.));
#1455 = VECTOR('',#1456,1.);
#1456 = DIRECTION('',(1.,0.));
#1457 = ( GEOMETRIC_REPRESENTATION_CONTEXT(2) 
PARAMETRIC_REPRESENTATION_CONTEXT() REPRESENTATION_CONTEXT('2D SPACE',''
  ) );
#1458 = FACE_BOUND('',#1459,.T.);
#1459 = EDGE_LOOP('',(#1460));
#1460 = ORIENTED_EDGE('',*,*,#1461,.F.);
#1461 = EDGE_CURVE('',#1462,#1462,#1464,.T.);
#1462 = VERTEX_POINT('',#1463);
#1463 = CARTESIAN_POINT('',(-22.25,60.8175,6.));
#1464 = SURFACE_CURVE('',#1465,(#1470,#1477),.PCURVE_S1.);
#1465 = CIRCLE('',#1466,2.25);
#1466 = AXIS2_PLACEMENT_3D('',#1467,#1468,#1469);
#1467 = CARTESIAN_POINT('',(-20.,60.8175,6.));
#1468 = DIRECTION('',(0.,0.,1.));
#1469 = DIRECTION('',(-1.,0.,0.));
#1470 = PCURVE('',#128,#1471);
#1471 = DEFINITIONAL_REPRESENTATION('',(#1472),#1476);
#1472 = CIRCLE('',#1473,2.25);
#1473 = AXIS2_PLACEMENT_2D('',#1474,#1475);
#1474 = CARTESIAN_POINT('',(8.,60.8175));
#1475 = DIRECTION('',(-1.,0.));
#1476 = ( GEOMETRIC_REPRESENTATION_CONTEXT(2) 
PARAMETRIC_REPRESENTATION_CONTEXT() REPRESENTATION_CONTEXT('2D SPACE',''
  ) );
#1477 = PCURVE('',#915,#1478);
#1478 = DEFINITIONAL_REPRESENTATION('',(#1479),#1483);
#1479 = LINE('',#1480,#1481);
#1480 = CARTESIAN_POINT('',(0.,6.));
#1481 = VECTOR('',#1482,1.);
#1482 = DIRECTION('',(1.,0.));
#1483 = ( GEOMETRIC_REPRESENTATION_CONTEXT(2) 
PARAMETRIC_REPRESENTATION_CONTEXT() REPRESENTATION_CONTEXT('2D SPACE',''
  ) );
#1484 = FACE_BOUND('',#1485,.T.);
#1485 = EDGE_LOOP('',(#1486,#1509,#1537,#1558));
#1486 = ORIENTED_EDGE('',*,*,#1487,.F.);
#1487 = EDGE_CURVE('',#1488,#1490,#1492,.T.);
#1488 = VERTEX_POINT('',#1489);
#1489 = CARTESIAN_POINT('',(11.7,71.335,6.));
#1490 = VERTEX_POINT('',#1491);
#1491 = CARTESIAN_POINT('',(11.7,31.88,6.));
#1492 = SURFACE_CURVE('',#1493,(#1497,#1503),.PCURVE_S1.);
#1493 = LINE('',#1494,#1495);
#1494 = CARTESIAN_POINT('',(11.7,15.94,6.));
#1495 = VECTOR('',#1496,1.);
#1496 = DIRECTION('',(-1.110223024625E-16,-1.,0.));
#1497 = PCURVE('',#128,#1498);
#1498 = DEFINITIONAL_REPRESENTATION('',(#1499),#1502);
#1499 = B_SPLINE_CURVE_WITH_KNOTS('',1,(#1500,#1501),.UNSPECIFIED.,.F.,
  .F.,(2,2),(-55.395,-15.94),.PIECEWISE_BEZIER_KNOTS.);
#1500 = CARTESIAN_POINT('',(39.7,71.335));
#1501 = CARTESIAN_POINT('',(39.7,31.88));
#1502 = ( GEOMETRIC_REPRESENTATION_CONTEXT(2) 
PARAMETRIC_REPRESENTATION_CONTEXT() REPRESENTATION_CONTEXT('2D SPACE',''
  ) );
#1503 = PCURVE('',#946,#1504);
#1504 = DEFINITIONAL_REPRESENTATION('',(#1505),#1508);
#1505 = B_SPLINE_CURVE_WITH_KNOTS('',1,(#1506,#1507),.UNSPECIFIED.,.F.,
  .F.,(2,2),(-55.395,-15.94),.PIECEWISE_BEZIER_KNOTS.);
#1506 = CARTESIAN_POINT('',(39.455,-12.));
#1507 = CARTESIAN_POINT('',(0.,-12.));
#1508 = ( GEOMETRIC_REPRESENTATION_CONTEXT(2) 
PARAMETRIC_REPRESENTATION_CONTEXT() REPRESENTATION_CONTEXT('2D SPACE',''
  ) );
#1509 = ORIENTED_EDGE('',*,*,#1510,.T.);
#1510 = EDGE_CURVE('',#1488,#1511,#1513,.T.);
#1511 = VERTEX_POINT('',#1512);
#1512 = CARTESIAN_POINT('',(16.3,71.335,6.));
#1513 = SURFACE_CURVE('',#1514,(#1519,#1530),.PCURVE_S1.);
#1514 = CIRCLE('',#1515,2.3);
#1515 = AXIS2_PLACEMENT_3D('',#1516,#1517,#1518);
#1516 = CARTESIAN_POINT('',(14.,71.335,6.));
#1517 = DIRECTION('',(-0.,0.,-1.));
#1518 = DIRECTION('',(-1.,-1.433635818755E-15,0.));
#1519 = PCURVE('',#128,#1520);
#1520 = DEFINITIONAL_REPRESENTATION('',(#1521),#1529);
#1521 = ( BOUNDED_CURVE() B_SPLINE_CURVE(2,(#1522,#1523,#1524,#1525,
#1526,#1527,#1528),.UNSPECIFIED.,.T.,.F.) B_SPLINE_CURVE_WITH_KNOTS((1,2
    ,2,2,2,1),(-2.094395102393,0.,2.094395102393,4.188790204786,
6.28318530718,8.377580409573),.UNSPECIFIED.) CURVE() 
GEOMETRIC_REPRESENTATION_ITEM() RATIONAL_B_SPLINE_CURVE((1.,0.5,1.,0.5,
1.,0.5,1.)) REPRESENTATION_ITEM('') );
#1522 = CARTESIAN_POINT('',(39.7,71.335));
#1523 = CARTESIAN_POINT('',(39.7,75.318716857408));
#1524 = CARTESIAN_POINT('',(43.15,73.326858428704));
#1525 = CARTESIAN_POINT('',(46.6,71.335));
#1526 = CARTESIAN_POINT('',(43.15,69.343141571296));
#1527 = CARTESIAN_POINT('',(39.7,67.351283142592));
#1528 = CARTESIAN_POINT('',(39.7,71.335));
#1529 = ( GEOMETRIC_REPRESENTATION_CONTEXT(2) 
PARAMETRIC_REPRESENTATION_CONTEXT() REPRESENTATION_CONTEXT('2D SPACE',''
  ) );
#1530 = PCURVE('',#978,#1531);
#1531 = DEFINITIONAL_REPRESENTATION('',(#1532),#1536);
#1532 = LINE('',#1533,#1534);
#1533 = CARTESIAN_POINT('',(0.,-12.));
#1534 = VECTOR('',#1535,1.);
#1535 = DIRECTION('',(1.,0.));
#1536 = ( GEOMETRIC_REPRESENTATION_CONTEXT(2) 
PARAMETRIC_REPRESENTATION_CONTEXT() REPRESENTATION_CONTEXT('2D SPACE',''
  ) );
#1537 = ORIENTED_EDGE('',*,*,#1538,.F.);
#1538 = EDGE_CURVE('',#1539,#1511,#1541,.T.);
#1539 = VERTEX_POINT('',#1540);
#1540 = CARTESIAN_POINT('',(16.3,31.88,6.));
#1541 = SURFACE_CURVE('',#1542,(#1546,#1552),.PCURVE_S1.);
#1542 = LINE('',#1543,#1544);
#1543 = CARTESIAN_POINT('',(16.3,35.6675,6.));
#1544 = VECTOR('',#1545,1.);
#1545 = DIRECTION('',(1.110223024625E-16,1.,-0.));
#1546 = PCURVE('',#128,#1547);
#1547 = DEFINITIONAL_REPRESENTATION('',(#1548),#1551);
#1548 = B_SPLINE_CURVE_WITH_KNOTS('',1,(#1549,#1550),.UNSPECIFIED.,.F.,
  .F.,(2,2),(-3.7875,35.6675),.PIECEWISE_BEZIER_KNOTS.);
#1549 = CARTESIAN_POINT('',(44.3,31.88));
#1550 = CARTESIAN_POINT('',(44.3,71.335));
#1551 = ( GEOMETRIC_REPRESENTATION_CONTEXT(2) 
PARAMETRIC_REPRESENTATION_CONTEXT() REPRESENTATION_CONTEXT('2D SPACE',''
  ) );
#1552 = PCURVE('',#1005,#1553);
#1553 = DEFINITIONAL_REPRESENTATION('',(#1554),#1557);
#1554 = B_SPLINE_CURVE_WITH_KNOTS('',1,(#1555,#1556),.UNSPECIFIED.,.F.,
  .F.,(2,2),(-3.7875,35.6675),.PIECEWISE_BEZIER_KNOTS.);
#1555 = CARTESIAN_POINT('',(39.455,-12.));
#1556 = CARTESIAN_POINT('',(0.,-12.));
#1557 = ( GEOMETRIC_REPRESENTATION_CONTEXT(2) 
PARAMETRIC_REPRESENTATION_CONTEXT() REPRESENTATION_CONTEXT('2D SPACE',''
  ) );
#1558 = ORIENTED_EDGE('',*,*,#1559,.T.);
#1559 = EDGE_CURVE('',#1539,#1490,#1560,.T.);
#1560 = SURFACE_CURVE('',#1561,(#1566,#1577),.PCURVE_S1.);
#1561 = CIRCLE('',#1562,2.3);
#1562 = AXIS2_PLACEMENT_3D('',#1563,#1564,#1565);
#1563 = CARTESIAN_POINT('',(14.,31.88,6.));
#1564 = DIRECTION('',(0.,0.,-1.));
#1565 = DIRECTION('',(1.,1.433635818755E-15,0.));
#1566 = PCURVE('',#128,#1567);
#1567 = DEFINITIONAL_REPRESENTATION('',(#1568),#1576);
#1568 = ( BOUNDED_CURVE() B_SPLINE_CURVE(2,(#1569,#1570,#1571,#1572,
#1573,#1574,#1575),.UNSPECIFIED.,.T.,.F.) B_SPLINE_CURVE_WITH_KNOTS((1,2
    ,2,2,2,1),(-2.094395102393,0.,2.094395102393,4.188790204786,
6.28318530718,8.377580409573),.UNSPECIFIED.) CURVE() 
GEOMETRIC_REPRESENTATION_ITEM() RATIONAL_B_SPLINE_CURVE((1.,0.5,1.,0.5,
1.,0.5,1.)) REPRESENTATION_ITEM('') );
#1569 = CARTESIAN_POINT('',(44.3,31.88));
#1570 = CARTESIAN_POINT('',(44.3,27.896283142592));
#1571 = CARTESIAN_POINT('',(40.85,29.888141571296));
#1572 = CARTESIAN_POINT('',(37.4,31.88));
#1573 = CARTESIAN_POINT('',(40.85,33.871858428704));
#1574 = CARTESIAN_POINT('',(44.3,35.863716857408));
#1575 = CARTESIAN_POINT('',(44.3,31.88));
#1576 = ( GEOMETRIC_REPRESENTATION_CONTEXT(2) 
PARAMETRIC_REPRESENTATION_CONTEXT() REPRESENTATION_CONTEXT('2D SPACE',''
  ) );
#1577 = PCURVE('',#1035,#1578);
#1578 = DEFINITIONAL_REPRESENTATION('',(#1579),#1583);
#1579 = LINE('',#1580,#1581);
#1580 = CARTESIAN_POINT('',(0.,-12.));
#1581 = VECTOR('',#1582,1.);
#1582 = DIRECTION('',(1.,0.));
#1583 = ( GEOMETRIC_REPRESENTATION_CONTEXT(2) 
PARAMETRIC_REPRESENTATION_CONTEXT() REPRESENTATION_CONTEXT('2D SPACE',''
  ) );
#1584 = FACE_BOUND('',#1585,.T.);
#1585 = EDGE_LOOP('',(#1586));
#1586 = ORIENTED_EDGE('',*,*,#1587,.F.);
#1587 = EDGE_CURVE('',#1588,#1588,#1590,.T.);
#1588 = VERTEX_POINT('',#1589);
#1589 = CARTESIAN_POINT('',(17.75,60.8175,6.));
#1590 = SURFACE_CURVE('',#1591,(#1596,#1603),.PCURVE_S1.);
#1591 = CIRCLE('',#1592,2.25);
#1592 = AXIS2_PLACEMENT_3D('',#1593,#1594,#1595);
#1593 = CARTESIAN_POINT('',(20.,60.8175,6.));
#1594 = DIRECTION('',(0.,0.,1.));
#1595 = DIRECTION('',(-1.,0.,0.));
#1596 = PCURVE('',#128,#1597);
#1597 = DEFINITIONAL_REPRESENTATION('',(#1598),#1602);
#1598 = CIRCLE('',#1599,2.25);
#1599 = AXIS2_PLACEMENT_2D('',#1600,#1601);
#1600 = CARTESIAN_POINT('',(48.,60.8175));
#1601 = DIRECTION('',(-1.,0.));
#1602 = ( GEOMETRIC_REPRESENTATION_CONTEXT(2) 
PARAMETRIC_REPRESENTATION_CONTEXT() REPRESENTATION_CONTEXT('2D SPACE',''
  ) );
#1603 = PCURVE('',#1066,#1604);
#1604 = DEFINITIONAL_REPRESENTATION('',(#1605),#1609);
#1605 = LINE('',#1606,#1607);
#1606 = CARTESIAN_POINT('',(0.,6.));
#1607 = VECTOR('',#1608,1.);
#1608 = DIRECTION('',(1.,0.));
#1609 = ( GEOMETRIC_REPRESENTATION_CONTEXT(2) 
PARAMETRIC_REPRESENTATION_CONTEXT() REPRESENTATION_CONTEXT('2D SPACE',''
  ) );
#1610 = ADVANCED_FACE('',(#1611),#156,.T.);
#1611 = FACE_BOUND('',#1612,.T.);
#1612 = EDGE_LOOP('',(#1613,#1636,#1657,#1658));
#1613 = ORIENTED_EDGE('',*,*,#1614,.T.);
#1614 = EDGE_CURVE('',#141,#1615,#1617,.T.);
#1615 = VERTEX_POINT('',#1616);
#1616 = CARTESIAN_POINT('',(-24.,5.,39.));
#1617 = SURFACE_CURVE('',#1618,(#1622,#1629),.PCURVE_S1.);
#1618 = LINE('',#1619,#1620);
#1619 = CARTESIAN_POINT('',(-28.,5.,39.));
#1620 = VECTOR('',#1621,1.);
#1621 = DIRECTION('',(1.,0.,0.));
#1622 = PCURVE('',#156,#1623);
#1623 = DEFINITIONAL_REPRESENTATION('',(#1624),#1628);
#1624 = LINE('',#1625,#1626);
#1625 = CARTESIAN_POINT('',(0.,0.));
#1626 = VECTOR('',#1627,1.);
#1627 = DIRECTION('',(0.,-1.));
#1628 = ( GEOMETRIC_REPRESENTATION_CONTEXT(2) 
PARAMETRIC_REPRESENTATION_CONTEXT() REPRESENTATION_CONTEXT('2D SPACE',''
  ) );
#1629 = PCURVE('',#184,#1630);
#1630 = DEFINITIONAL_REPRESENTATION('',(#1631),#1635);
#1631 = LINE('',#1632,#1633);
#1632 = CARTESIAN_POINT('',(39.,0.));
#1633 = VECTOR('',#1634,1.);
#1634 = DIRECTION('',(0.,1.));
#1635 = ( GEOMETRIC_REPRESENTATION_CONTEXT(2) 
PARAMETRIC_REPRESENTATION_CONTEXT() REPRESENTATION_CONTEXT('2D SPACE',''
  ) );
#1636 = ORIENTED_EDGE('',*,*,#1637,.T.);
#1637 = EDGE_CURVE('',#1615,#1132,#1638,.T.);
#1638 = SURFACE_CURVE('',#1639,(#1643,#1650),.PCURVE_S1.);
#1639 = LINE('',#1640,#1641);
#1640 = CARTESIAN_POINT('',(-24.,5.,39.));
#1641 = VECTOR('',#1642,1.);
#1642 = DIRECTION('',(0.,0.536875492193,-0.843661487732));
#1643 = PCURVE('',#156,#1644);
#1644 = DEFINITIONAL_REPRESENTATION('',(#1645),#1649);
#1645 = LINE('',#1646,#1647);
#1646 = CARTESIAN_POINT('',(0.,-4.));
#1647 = VECTOR('',#1648,1.);
#1648 = DIRECTION('',(1.,0.));
#1649 = ( GEOMETRIC_REPRESENTATION_CONTEXT(2) 
PARAMETRIC_REPRESENTATION_CONTEXT() REPRESENTATION_CONTEXT('2D SPACE',''
  ) );
#1650 = PCURVE('',#1170,#1651);
#1651 = DEFINITIONAL_REPRESENTATION('',(#1652),#1656);
#1652 = LINE('',#1653,#1654);
#1653 = CARTESIAN_POINT('',(-20.22119639219,6.778803607804));
#1654 = VECTOR('',#1655,1.);
#1655 = DIRECTION('',(0.843661487732,-0.536875492193));
#1656 = ( GEOMETRIC_REPRESENTATION_CONTEXT(2) 
PARAMETRIC_REPRESENTATION_CONTEXT() REPRESENTATION_CONTEXT('2D SPACE',''
  ) );
#1657 = ORIENTED_EDGE('',*,*,#1131,.F.);
#1658 = ORIENTED_EDGE('',*,*,#140,.F.);
#1659 = ADVANCED_FACE('',(#1660,#1862,#1888,#1974,#2000,#2026),#184,.T.
  );
#1660 = FACE_BOUND('',#1661,.T.);
#1661 = EDGE_LOOP('',(#1662,#1687,#1710,#1731,#1732,#1753,#1754,#1755,
    #1778,#1799,#1820,#1841));
#1662 = ORIENTED_EDGE('',*,*,#1663,.F.);
#1663 = EDGE_CURVE('',#1664,#1666,#1668,.T.);
#1664 = VERTEX_POINT('',#1665);
#1665 = CARTESIAN_POINT('',(28.,5.,39.));
#1666 = VERTEX_POINT('',#1667);
#1667 = CARTESIAN_POINT('',(28.,5.,67.));
#1668 = SURFACE_CURVE('',#1669,(#1673,#1680),.PCURVE_S1.);
#1669 = LINE('',#1670,#1671);
#1670 = CARTESIAN_POINT('',(28.,5.,0.));
#1671 = VECTOR('',#1672,1.);
#1672 = DIRECTION('',(0.,0.,1.));
#1673 = PCURVE('',#184,#1674);
#1674 = DEFINITIONAL_REPRESENTATION('',(#1675),#1679);
#1675 = LINE('',#1676,#1677);
#1676 = CARTESIAN_POINT('',(0.,56.));
#1677 = VECTOR('',#1678,1.);
#1678 = DIRECTION('',(1.,0.));
#1679 = ( GEOMETRIC_REPRESENTATION_CONTEXT(2) 
PARAMETRIC_REPRESENTATION_CONTEXT() REPRESENTATION_CONTEXT('2D SPACE',''
  ) );
#1680 = PCURVE('',#392,#1681);
#1681 = DEFINITIONAL_REPRESENTATION('',(#1682),#1686);
#1682 = LINE('',#1683,#1684);
#1683 = CARTESIAN_POINT('',(0.,-5.));
#1684 = VECTOR('',#1685,1.);
#1685 = DIRECTION('',(1.,0.));
#1686 = ( GEOMETRIC_REPRESENTATION_CONTEXT(2) 
PARAMETRIC_REPRESENTATION_CONTEXT() REPRESENTATION_CONTEXT('2D SPACE',''
  ) );
#1687 = ORIENTED_EDGE('',*,*,#1688,.F.);
#1688 = EDGE_CURVE('',#1689,#1664,#1691,.T.);
#1689 = VERTEX_POINT('',#1690);
#1690 = CARTESIAN_POINT('',(24.,5.,39.));
#1691 = SURFACE_CURVE('',#1692,(#1696,#1703),.PCURVE_S1.);
#1692 = LINE('',#1693,#1694);
#1693 = CARTESIAN_POINT('',(24.,5.,39.));
#1694 = VECTOR('',#1695,1.);
#1695 = DIRECTION('',(1.,0.,0.));
#1696 = PCURVE('',#184,#1697);
#1697 = DEFINITIONAL_REPRESENTATION('',(#1698),#1702);
#1698 = LINE('',#1699,#1700);
#1699 = CARTESIAN_POINT('',(39.,52.));
#1700 = VECTOR('',#1701,1.);
#1701 = DIRECTION('',(0.,1.));
#1702 = ( GEOMETRIC_REPRESENTATION_CONTEXT(2) 
PARAMETRIC_REPRESENTATION_CONTEXT() REPRESENTATION_CONTEXT('2D SPACE',''
  ) );
#1703 = PCURVE('',#1247,#1704);
#1704 = DEFINITIONAL_REPRESENTATION('',(#1705),#1709);
#1705 = LINE('',#1706,#1707);
#1706 = CARTESIAN_POINT('',(0.,0.));
#1707 = VECTOR('',#1708,1.);
#1708 = DIRECTION('',(0.,-1.));
#1709 = ( GEOMETRIC_REPRESENTATION_CONTEXT(2) 
PARAMETRIC_REPRESENTATION_CONTEXT() REPRESENTATION_CONTEXT('2D SPACE',''
  ) );
#1710 = ORIENTED_EDGE('',*,*,#1711,.F.);
#1711 = EDGE_CURVE('',#1183,#1689,#1712,.T.);
#1712 = SURFACE_CURVE('',#1713,(#1717,#1724),.PCURVE_S1.);
#1713 = LINE('',#1714,#1715);
#1714 = CARTESIAN_POINT('',(24.,5.,6.));
#1715 = VECTOR('',#1716,1.);
#1716 = DIRECTION('',(0.,0.,1.));
#1717 = PCURVE('',#184,#1718);
#1718 = DEFINITIONAL_REPRESENTATION('',(#1719),#1723);
#1719 = LINE('',#1720,#1721);
#1720 = CARTESIAN_POINT('',(6.,52.));
#1721 = VECTOR('',#1722,1.);
#1722 = DIRECTION('',(1.,0.));
#1723 = ( GEOMETRIC_REPRESENTATION_CONTEXT(2) 
PARAMETRIC_REPRESENTATION_CONTEXT() REPRESENTATION_CONTEXT('2D SPACE',''
  ) );
#1724 = PCURVE('',#1219,#1725);
#1725 = DEFINITIONAL_REPRESENTATION('',(#1726),#1730);
#1726 = LINE('',#1727,#1728);
#1727 = CARTESIAN_POINT('',(12.778803607804,6.778803607804));
#1728 = VECTOR('',#1729,1.);
#1729 = DIRECTION('',(-1.,0.));
#1730 = ( GEOMETRIC_REPRESENTATION_CONTEXT(2) 
PARAMETRIC_REPRESENTATION_CONTEXT() REPRESENTATION_CONTEXT('2D SPACE',''
  ) );
#1731 = ORIENTED_EDGE('',*,*,#1182,.T.);
#1732 = ORIENTED_EDGE('',*,*,#1733,.T.);
#1733 = EDGE_CURVE('',#1155,#1615,#1734,.T.);
#1734 = SURFACE_CURVE('',#1735,(#1739,#1746),.PCURVE_S1.);
#1735 = LINE('',#1736,#1737);
#1736 = CARTESIAN_POINT('',(-24.,5.,6.));
#1737 = VECTOR('',#1738,1.);
#1738 = DIRECTION('',(0.,0.,1.));
#1739 = PCURVE('',#184,#1740);
#1740 = DEFINITIONAL_REPRESENTATION('',(#1741),#1745);
#1741 = LINE('',#1742,#1743);
#1742 = CARTESIAN_POINT('',(6.,4.));
#1743 = VECTOR('',#1744,1.);
#1744 = DIRECTION('',(1.,0.));
#1745 = ( GEOMETRIC_REPRESENTATION_CONTEXT(2) 
PARAMETRIC_REPRESENTATION_CONTEXT() REPRESENTATION_CONTEXT('2D SPACE',''
  ) );
#1746 = PCURVE('',#1170,#1747);
#1747 = DEFINITIONAL_REPRESENTATION('',(#1748),#1752);
#1748 = LINE('',#1749,#1750);
#1749 = CARTESIAN_POINT('',(12.778803607804,6.778803607804));
#1750 = VECTOR('',#1751,1.);
#1751 = DIRECTION('',(-1.,0.));
#1752 = ( GEOMETRIC_REPRESENTATION_CONTEXT(2) 
PARAMETRIC_REPRESENTATION_CONTEXT() REPRESENTATION_CONTEXT('2D SPACE',''
  ) );
#1753 = ORIENTED_EDGE('',*,*,#1614,.F.);
#1754 = ORIENTED_EDGE('',*,*,#168,.T.);
#1755 = ORIENTED_EDGE('',*,*,#1756,.T.);
#1756 = EDGE_CURVE('',#169,#1757,#1759,.T.);
#1757 = VERTEX_POINT('',#1758);
#1758 = CARTESIAN_POINT('',(-7.985,5.,67.));
#1759 = SURFACE_CURVE('',#1760,(#1764,#1771),.PCURVE_S1.);
#1760 = LINE('',#1761,#1762);
#1761 = CARTESIAN_POINT('',(-28.,5.,67.));
#1762 = VECTOR('',#1763,1.);
#1763 = DIRECTION('',(1.,0.,0.));
#1764 = PCURVE('',#184,#1765);
#1765 = DEFINITIONAL_REPRESENTATION('',(#1766),#1770);
#1766 = LINE('',#1767,#1768);
#1767 = CARTESIAN_POINT('',(67.,0.));
#1768 = VECTOR('',#1769,1.);
#1769 = DIRECTION('',(0.,1.));
#1770 = ( GEOMETRIC_REPRESENTATION_CONTEXT(2) 
PARAMETRIC_REPRESENTATION_CONTEXT() REPRESENTATION_CONTEXT('2D SPACE',''
  ) );
#1771 = PCURVE('',#210,#1772);
#1772 = DEFINITIONAL_REPRESENTATION('',(#1773),#1777);
#1773 = LINE('',#1774,#1775);
#1774 = CARTESIAN_POINT('',(0.,5.));
#1775 = VECTOR('',#1776,1.);
#1776 = DIRECTION('',(1.,0.));
#1777 = ( GEOMETRIC_REPRESENTATION_CONTEXT(2) 
PARAMETRIC_REPRESENTATION_CONTEXT() REPRESENTATION_CONTEXT('2D SPACE',''
  ) );
#1778 = ORIENTED_EDGE('',*,*,#1779,.T.);
#1779 = EDGE_CURVE('',#1757,#1780,#1782,.T.);
#1780 = VERTEX_POINT('',#1781);
#1781 = CARTESIAN_POINT('',(-7.985,5.,57.));
#1782 = SURFACE_CURVE('',#1783,(#1787,#1793),.PCURVE_S1.);
#1783 = LINE('',#1784,#1785);
#1784 = CARTESIAN_POINT('',(-7.985,5.,38.5));
#1785 = VECTOR('',#1786,1.);
#1786 = DIRECTION('',(0.,0.,-1.));
#1787 = PCURVE('',#184,#1788);
#1788 = DEFINITIONAL_REPRESENTATION('',(#1789),#1792);
#1789 = B_SPLINE_CURVE_WITH_KNOTS('',1,(#1790,#1791),.UNSPECIFIED.,.F.,
  .F.,(2,2),(-28.5,-18.5),.PIECEWISE_BEZIER_KNOTS.);
#1790 = CARTESIAN_POINT('',(67.,20.015));
#1791 = CARTESIAN_POINT('',(57.,20.015));
#1792 = ( GEOMETRIC_REPRESENTATION_CONTEXT(2) 
PARAMETRIC_REPRESENTATION_CONTEXT() REPRESENTATION_CONTEXT('2D SPACE',''
  ) );
#1793 = PCURVE('',#287,#1794);
#1794 = DEFINITIONAL_REPRESENTATION('',(#1795),#1798);
#1795 = B_SPLINE_CURVE_WITH_KNOTS('',1,(#1796,#1797),.UNSPECIFIED.,.F.,
  .F.,(2,2),(-28.5,-18.5),.PIECEWISE_BEZIER_KNOTS.);
#1796 = CARTESIAN_POINT('',(10.,-5.));
#1797 = CARTESIAN_POINT('',(20.,-5.));
#1798 = ( GEOMETRIC_REPRESENTATION_CONTEXT(2) 
PARAMETRIC_REPRESENTATION_CONTEXT() REPRESENTATION_CONTEXT('2D SPACE',''
  ) );
#1799 = ORIENTED_EDGE('',*,*,#1800,.T.);
#1800 = EDGE_CURVE('',#1780,#1801,#1803,.T.);
#1801 = VERTEX_POINT('',#1802);
#1802 = CARTESIAN_POINT('',(7.985,5.,57.));
#1803 = SURFACE_CURVE('',#1804,(#1808,#1814),.PCURVE_S1.);
#1804 = LINE('',#1805,#1806);
#1805 = CARTESIAN_POINT('',(-17.9925,5.,57.));
#1806 = VECTOR('',#1807,1.);
#1807 = DIRECTION('',(1.,-0.,0.));
#1808 = PCURVE('',#184,#1809);
#1809 = DEFINITIONAL_REPRESENTATION('',(#1810),#1813);
#1810 = B_SPLINE_CURVE_WITH_KNOTS('',1,(#1811,#1812),.UNSPECIFIED.,.F.,
  .F.,(2,2),(10.0075,25.9775),.PIECEWISE_BEZIER_KNOTS.);
#1811 = CARTESIAN_POINT('',(57.,20.015));
#1812 = CARTESIAN_POINT('',(57.,35.985));
#1813 = ( GEOMETRIC_REPRESENTATION_CONTEXT(2) 
PARAMETRIC_REPRESENTATION_CONTEXT() REPRESENTATION_CONTEXT('2D SPACE',''
  ) );
#1814 = PCURVE('',#313,#1815);
#1815 = DEFINITIONAL_REPRESENTATION('',(#1816),#1819);
#1816 = B_SPLINE_CURVE_WITH_KNOTS('',1,(#1817,#1818),.UNSPECIFIED.,.F.,
  .F.,(2,2),(10.0075,25.9775),.PIECEWISE_BEZIER_KNOTS.);
#1817 = CARTESIAN_POINT('',(0.,-5.));
#1818 = CARTESIAN_POINT('',(15.97,-5.));
#1819 = ( GEOMETRIC_REPRESENTATION_CONTEXT(2) 
PARAMETRIC_REPRESENTATION_CONTEXT() REPRESENTATION_CONTEXT('2D SPACE',''
  ) );
#1820 = ORIENTED_EDGE('',*,*,#1821,.T.);
#1821 = EDGE_CURVE('',#1801,#1822,#1824,.T.);
#1822 = VERTEX_POINT('',#1823);
#1823 = CARTESIAN_POINT('',(7.985,5.,67.));
#1824 = SURFACE_CURVE('',#1825,(#1829,#1835),.PCURVE_S1.);
#1825 = LINE('',#1826,#1827);
#1826 = CARTESIAN_POINT('',(7.985,5.,28.5));
#1827 = VECTOR('',#1828,1.);
#1828 = DIRECTION('',(0.,-0.,1.));
#1829 = PCURVE('',#184,#1830);
#1830 = DEFINITIONAL_REPRESENTATION('',(#1831),#1834);
#1831 = B_SPLINE_CURVE_WITH_KNOTS('',1,(#1832,#1833),.UNSPECIFIED.,.F.,
  .F.,(2,2),(28.5,38.5),.PIECEWISE_BEZIER_KNOTS.);
#1832 = CARTESIAN_POINT('',(57.,35.985));
#1833 = CARTESIAN_POINT('',(67.,35.985));
#1834 = ( GEOMETRIC_REPRESENTATION_CONTEXT(2) 
PARAMETRIC_REPRESENTATION_CONTEXT() REPRESENTATION_CONTEXT('2D SPACE',''
  ) );
#1835 = PCURVE('',#339,#1836);
#1836 = DEFINITIONAL_REPRESENTATION('',(#1837),#1840);
#1837 = B_SPLINE_CURVE_WITH_KNOTS('',1,(#1838,#1839),.UNSPECIFIED.,.F.,
  .F.,(2,2),(28.5,38.5),.PIECEWISE_BEZIER_KNOTS.);
#1838 = CARTESIAN_POINT('',(0.,-5.));
#1839 = CARTESIAN_POINT('',(10.,-5.));
#1840 = ( GEOMETRIC_REPRESENTATION_CONTEXT(2) 
PARAMETRIC_REPRESENTATION_CONTEXT() REPRESENTATION_CONTEXT('2D SPACE',''
  ) );
#1841 = ORIENTED_EDGE('',*,*,#1842,.T.);
#1842 = EDGE_CURVE('',#1822,#1666,#1843,.T.);
#1843 = SURFACE_CURVE('',#1844,(#1848,#1855),.PCURVE_S1.);
#1844 = LINE('',#1845,#1846);
#1845 = CARTESIAN_POINT('',(-28.,5.,67.));
#1846 = VECTOR('',#1847,1.);
#1847 = DIRECTION('',(1.,0.,0.));
#1848 = PCURVE('',#184,#1849);
#1849 = DEFINITIONAL_REPRESENTATION('',(#1850),#1854);
#1850 = LINE('',#1851,#1852);
#1851 = CARTESIAN_POINT('',(67.,0.));
#1852 = VECTOR('',#1853,1.);
#1853 = DIRECTION('',(0.,1.));
#1854 = ( GEOMETRIC_REPRESENTATION_CONTEXT(2) 
PARAMETRIC_REPRESENTATION_CONTEXT() REPRESENTATION_CONTEXT('2D SPACE',''
  ) );
#1855 = PCURVE('',#366,#1856);
#1856 = DEFINITIONAL_REPRESENTATION('',(#1857),#1861);
#1857 = LINE('',#1858,#1859);
#1858 = CARTESIAN_POINT('',(0.,5.));
#1859 = VECTOR('',#1860,1.);
#1860 = DIRECTION('',(1.,0.));
#1861 = ( GEOMETRIC_REPRESENTATION_CONTEXT(2) 
PARAMETRIC_REPRESENTATION_CONTEXT() REPRESENTATION_CONTEXT('2D SPACE',''
  ) );
#1862 = FACE_BOUND('',#1863,.T.);
#1863 = EDGE_LOOP('',(#1864));
#1864 = ORIENTED_EDGE('',*,*,#1865,.F.);
#1865 = EDGE_CURVE('',#1866,#1866,#1868,.T.);
#1866 = VERTEX_POINT('',#1867);
#1867 = CARTESIAN_POINT('',(-13.55,5.,30.));
#1868 = SURFACE_CURVE('',#1869,(#1874,#1881),.PCURVE_S1.);
#1869 = CIRCLE('',#1870,1.45);
#1870 = AXIS2_PLACEMENT_3D('',#1871,#1872,#1873);
#1871 = CARTESIAN_POINT('',(-15.,5.,30.));
#1872 = DIRECTION('',(-0.,1.,0.));
#1873 = DIRECTION('',(1.,0.,0.));
#1874 = PCURVE('',#184,#1875);
#1875 = DEFINITIONAL_REPRESENTATION('',(#1876),#1880);
#1876 = CIRCLE('',#1877,1.45);
#1877 = AXIS2_PLACEMENT_2D('',#1878,#1879);
#1878 = CARTESIAN_POINT('',(30.,13.));
#1879 = DIRECTION('',(0.,1.));
#1880 = ( GEOMETRIC_REPRESENTATION_CONTEXT(2) 
PARAMETRIC_REPRESENTATION_CONTEXT() REPRESENTATION_CONTEXT('2D SPACE',''
  ) );
#1881 = PCURVE('',#423,#1882);
#1882 = DEFINITIONAL_REPRESENTATION('',(#1883),#1887);
#1883 = LINE('',#1884,#1885);
#1884 = CARTESIAN_POINT('',(-6.28318530718,-5.));
#1885 = VECTOR('',#1886,1.);
#1886 = DIRECTION('',(1.,-0.));
#1887 = ( GEOMETRIC_REPRESENTATION_CONTEXT(2) 
PARAMETRIC_REPRESENTATION_CONTEXT() REPRESENTATION_CONTEXT('2D SPACE',''
  ) );
#1888 = FACE_BOUND('',#1889,.T.);
#1889 = EDGE_LOOP('',(#1890,#1913,#1934,#1955));
#1890 = ORIENTED_EDGE('',*,*,#1891,.T.);
#1891 = EDGE_CURVE('',#1892,#1894,#1896,.T.);
#1892 = VERTEX_POINT('',#1893);
#1893 = CARTESIAN_POINT('',(-8.985,5.,24.));
#1894 = VERTEX_POINT('',#1895);
#1895 = CARTESIAN_POINT('',(-8.985,5.,8.));
#1896 = SURFACE_CURVE('',#1897,(#1901,#1907),.PCURVE_S1.);
#1897 = LINE('',#1898,#1899);
#1898 = CARTESIAN_POINT('',(-8.985,5.,12.));
#1899 = VECTOR('',#1900,1.);
#1900 = DIRECTION('',(0.,0.,-1.));
#1901 = PCURVE('',#184,#1902);
#1902 = DEFINITIONAL_REPRESENTATION('',(#1903),#1906);
#1903 = B_SPLINE_CURVE_WITH_KNOTS('',1,(#1904,#1905),.UNSPECIFIED.,.F.,
  .F.,(2,2),(-12.,4.),.PIECEWISE_BEZIER_KNOTS.);
#1904 = CARTESIAN_POINT('',(24.,19.015));
#1905 = CARTESIAN_POINT('',(8.,19.015));
#1906 = ( GEOMETRIC_REPRESENTATION_CONTEXT(2) 
PARAMETRIC_REPRESENTATION_CONTEXT() REPRESENTATION_CONTEXT('2D SPACE',''
  ) );
#1907 = PCURVE('',#454,#1908);
#1908 = DEFINITIONAL_REPRESENTATION('',(#1909),#1912);
#1909 = B_SPLINE_CURVE_WITH_KNOTS('',1,(#1910,#1911),.UNSPECIFIED.,.F.,
  .F.,(2,2),(-12.,4.),.PIECEWISE_BEZIER_KNOTS.);
#1910 = CARTESIAN_POINT('',(0.,-5.));
#1911 = CARTESIAN_POINT('',(16.,-5.));
#1912 = ( GEOMETRIC_REPRESENTATION_CONTEXT(2) 
PARAMETRIC_REPRESENTATION_CONTEXT() REPRESENTATION_CONTEXT('2D SPACE',''
  ) );
#1913 = ORIENTED_EDGE('',*,*,#1914,.T.);
#1914 = EDGE_CURVE('',#1894,#1915,#1917,.T.);
#1915 = VERTEX_POINT('',#1916);
#1916 = CARTESIAN_POINT('',(8.985,5.,8.));
#1917 = SURFACE_CURVE('',#1918,(#1922,#1928),.PCURVE_S1.);
#1918 = LINE('',#1919,#1920);
#1919 = CARTESIAN_POINT('',(-18.4925,5.,8.));
#1920 = VECTOR('',#1921,1.);
#1921 = DIRECTION('',(1.,-0.,0.));
#1922 = PCURVE('',#184,#1923);
#1923 = DEFINITIONAL_REPRESENTATION('',(#1924),#1927);
#1924 = B_SPLINE_CURVE_WITH_KNOTS('',1,(#1925,#1926),.UNSPECIFIED.,.F.,
  .F.,(2,2),(9.5075,27.4775),.PIECEWISE_BEZIER_KNOTS.);
#1925 = CARTESIAN_POINT('',(8.,19.015));
#1926 = CARTESIAN_POINT('',(8.,36.985));
#1927 = ( GEOMETRIC_REPRESENTATION_CONTEXT(2) 
PARAMETRIC_REPRESENTATION_CONTEXT() REPRESENTATION_CONTEXT('2D SPACE',''
  ) );
#1928 = PCURVE('',#480,#1929);
#1929 = DEFINITIONAL_REPRESENTATION('',(#1930),#1933);
#1930 = B_SPLINE_CURVE_WITH_KNOTS('',1,(#1931,#1932),.UNSPECIFIED.,.F.,
  .F.,(2,2),(9.5075,27.4775),.PIECEWISE_BEZIER_KNOTS.);
#1931 = CARTESIAN_POINT('',(0.,-5.));
#1932 = CARTESIAN_POINT('',(17.97,-5.));
#1933 = ( GEOMETRIC_REPRESENTATION_CONTEXT(2) 
PARAMETRIC_REPRESENTATION_CONTEXT() REPRESENTATION_CONTEXT('2D SPACE',''
  ) );
#1934 = ORIENTED_EDGE('',*,*,#1935,.T.);
#1935 = EDGE_CURVE('',#1915,#1936,#1938,.T.);
#1936 = VERTEX_POINT('',#1937);
#1937 = CARTESIAN_POINT('',(8.985,5.,24.));
#1938 = SURFACE_CURVE('',#1939,(#1943,#1949),.PCURVE_S1.);
#1939 = LINE('',#1940,#1941);
#1940 = CARTESIAN_POINT('',(8.985,5.,4.));
#1941 = VECTOR('',#1942,1.);
#1942 = DIRECTION('',(0.,-0.,1.));
#1943 = PCURVE('',#184,#1944);
#1944 = DEFINITIONAL_REPRESENTATION('',(#1945),#1948);
#1945 = B_SPLINE_CURVE_WITH_KNOTS('',1,(#1946,#1947),.UNSPECIFIED.,.F.,
  .F.,(2,2),(4.,20.),.PIECEWISE_BEZIER_KNOTS.);
#1946 = CARTESIAN_POINT('',(8.,36.985));
#1947 = CARTESIAN_POINT('',(24.,36.985));
#1948 = ( GEOMETRIC_REPRESENTATION_CONTEXT(2) 
PARAMETRIC_REPRESENTATION_CONTEXT() REPRESENTATION_CONTEXT('2D SPACE',''
  ) );
#1949 = PCURVE('',#506,#1950);
#1950 = DEFINITIONAL_REPRESENTATION('',(#1951),#1954);
#1951 = B_SPLINE_CURVE_WITH_KNOTS('',1,(#1952,#1953),.UNSPECIFIED.,.F.,
  .F.,(2,2),(4.,20.),.PIECEWISE_BEZIER_KNOTS.);
#1952 = CARTESIAN_POINT('',(0.,-5.));
#1953 = CARTESIAN_POINT('',(16.,-5.));
#1954 = ( GEOMETRIC_REPRESENTATION_CONTEXT(2) 
PARAMETRIC_REPRESENTATION_CONTEXT() REPRESENTATION_CONTEXT('2D SPACE',''
  ) );
#1955 = ORIENTED_EDGE('',*,*,#1956,.T.);
#1956 = EDGE_CURVE('',#1936,#1892,#1957,.T.);
#1957 = SURFACE_CURVE('',#1958,(#1962,#1968),.PCURVE_S1.);
#1958 = LINE('',#1959,#1960);
#1959 = CARTESIAN_POINT('',(-9.5075,5.,24.));
#1960 = VECTOR('',#1961,1.);
#1961 = DIRECTION('',(-1.,0.,0.));
#1962 = PCURVE('',#184,#1963);
#1963 = DEFINITIONAL_REPRESENTATION('',(#1964),#1967);
#1964 = B_SPLINE_CURVE_WITH_KNOTS('',1,(#1965,#1966),.UNSPECIFIED.,.F.,
  .F.,(2,2),(-18.4925,-0.5225),.PIECEWISE_BEZIER_KNOTS.);
#1965 = CARTESIAN_POINT('',(24.,36.985));
#1966 = CARTESIAN_POINT('',(24.,19.015));
#1967 = ( GEOMETRIC_REPRESENTATION_CONTEXT(2) 
PARAMETRIC_REPRESENTATION_CONTEXT() REPRESENTATION_CONTEXT('2D SPACE',''
  ) );
#1968 = PCURVE('',#530,#1969);
#1969 = DEFINITIONAL_REPRESENTATION('',(#1970),#1973);
#1970 = B_SPLINE_CURVE_WITH_KNOTS('',1,(#1971,#1972),.UNSPECIFIED.,.F.,
  .F.,(2,2),(-18.4925,-0.5225),.PIECEWISE_BEZIER_KNOTS.);
#1971 = CARTESIAN_POINT('',(0.,-5.));
#1972 = CARTESIAN_POINT('',(17.97,-5.));
#1973 = ( GEOMETRIC_REPRESENTATION_CONTEXT(2) 
PARAMETRIC_REPRESENTATION_CONTEXT() REPRESENTATION_CONTEXT('2D SPACE',''
  ) );
#1974 = FACE_BOUND('',#1975,.T.);
#1975 = EDGE_LOOP('',(#1976));
#1976 = ORIENTED_EDGE('',*,*,#1977,.F.);
#1977 = EDGE_CURVE('',#1978,#1978,#1980,.T.);
#1978 = VERTEX_POINT('',#1979);
#1979 = CARTESIAN_POINT('',(-13.55,5.,60.));
#1980 = SURFACE_CURVE('',#1981,(#1986,#1993),.PCURVE_S1.);
#1981 = CIRCLE('',#1982,1.45);
#1982 = AXIS2_PLACEMENT_3D('',#1983,#1984,#1985);
#1983 = CARTESIAN_POINT('',(-15.,5.,60.));
#1984 = DIRECTION('',(-0.,1.,0.));
#1985 = DIRECTION('',(1.,0.,0.));
#1986 = PCURVE('',#184,#1987);
#1987 = DEFINITIONAL_REPRESENTATION('',(#1988),#1992);
#1988 = CIRCLE('',#1989,1.45);
#1989 = AXIS2_PLACEMENT_2D('',#1990,#1991);
#1990 = CARTESIAN_POINT('',(60.,13.));
#1991 = DIRECTION('',(0.,1.));
#1992 = ( GEOMETRIC_REPRESENTATION_CONTEXT(2) 
PARAMETRIC_REPRESENTATION_CONTEXT() REPRESENTATION_CONTEXT('2D SPACE',''
  ) );
#1993 = PCURVE('',#560,#1994);
#1994 = DEFINITIONAL_REPRESENTATION('',(#1995),#1999);
#1995 = LINE('',#1996,#1997);
#1996 = CARTESIAN_POINT('',(-6.28318530718,-5.));
#1997 = VECTOR('',#1998,1.);
#1998 = DIRECTION('',(1.,-0.));
#1999 = ( GEOMETRIC_REPRESENTATION_CONTEXT(2) 
PARAMETRIC_REPRESENTATION_CONTEXT() REPRESENTATION_CONTEXT('2D SPACE',''
  ) );
#2000 = FACE_BOUND('',#2001,.T.);
#2001 = EDGE_LOOP('',(#2002));
#2002 = ORIENTED_EDGE('',*,*,#2003,.F.);
#2003 = EDGE_CURVE('',#2004,#2004,#2006,.T.);
#2004 = VERTEX_POINT('',#2005);
#2005 = CARTESIAN_POINT('',(16.45,5.,30.));
#2006 = SURFACE_CURVE('',#2007,(#2012,#2019),.PCURVE_S1.);
#2007 = CIRCLE('',#2008,1.45);
#2008 = AXIS2_PLACEMENT_3D('',#2009,#2010,#2011);
#2009 = CARTESIAN_POINT('',(15.,5.,30.));
#2010 = DIRECTION('',(-0.,1.,0.));
#2011 = DIRECTION('',(1.,0.,0.));
#2012 = PCURVE('',#184,#2013);
#2013 = DEFINITIONAL_REPRESENTATION('',(#2014),#2018);
#2014 = CIRCLE('',#2015,1.45);
#2015 = AXIS2_PLACEMENT_2D('',#2016,#2017);
#2016 = CARTESIAN_POINT('',(30.,43.));
#2017 = DIRECTION('',(0.,1.));
#2018 = ( GEOMETRIC_REPRESENTATION_CONTEXT(2) 
PARAMETRIC_REPRESENTATION_CONTEXT() REPRESENTATION_CONTEXT('2D SPACE',''
  ) );
#2019 = PCURVE('',#591,#2020);
#2020 = DEFINITIONAL_REPRESENTATION('',(#2021),#2025);
#2021 = LINE('',#2022,#2023);
#2022 = CARTESIAN_POINT('',(-6.28318530718,-5.));
#2023 = VECTOR('',#2024,1.);
#2024 = DIRECTION('',(1.,-0.));
#2025 = ( GEOMETRIC_REPRESENTATION_CONTEXT(2) 
PARAMETRIC_REPRESENTATION_CONTEXT() REPRESENTATION_CONTEXT('2D SPACE',''
  ) );
#2026 = FACE_BOUND('',#2027,.T.);
#2027 = EDGE_LOOP('',(#2028));
#2028 = ORIENTED_EDGE('',*,*,#2029,.F.);
#2029 = EDGE_CURVE('',#2030,#2030,#2032,.T.);
#2030 = VERTEX_POINT('',#2031);
#2031 = CARTESIAN_POINT('',(16.45,5.,60.));
#2032 = SURFACE_CURVE('',#2033,(#2038,#2045),.PCURVE_S1.);
#2033 = CIRCLE('',#2034,1.45);
#2034 = AXIS2_PLACEMENT_3D('',#2035,#2036,#2037);
#2035 = CARTESIAN_POINT('',(15.,5.,60.));
#2036 = DIRECTION('',(-0.,1.,0.));
#2037 = DIRECTION('',(1.,0.,0.));
#2038 = PCURVE('',#184,#2039);
#2039 = DEFINITIONAL_REPRESENTATION('',(#2040),#2044);
#2040 = CIRCLE('',#2041,1.45);
#2041 = AXIS2_PLACEMENT_2D('',#2042,#2043);
#2042 = CARTESIAN_POINT('',(60.,43.));
#2043 = DIRECTION('',(0.,1.));
#2044 = ( GEOMETRIC_REPRESENTATION_CONTEXT(2) 
PARAMETRIC_REPRESENTATION_CONTEXT() REPRESENTATION_CONTEXT('2D SPACE',''
  ) );
#2045 = PCURVE('',#622,#2046);
#2046 = DEFINITIONAL_REPRESENTATION('',(#2047),#2051);
#2047 = LINE('',#2048,#2049);
#2048 = CARTESIAN_POINT('',(-6.28318530718,-5.));
#2049 = VECTOR('',#2050,1.);
#2050 = DIRECTION('',(1.,-0.));
#2051 = ( GEOMETRIC_REPRESENTATION_CONTEXT(2) 
PARAMETRIC_REPRESENTATION_CONTEXT() REPRESENTATION_CONTEXT('2D SPACE',''
  ) );
#2052 = ADVANCED_FACE('',(#2053),#210,.T.);
#2053 = FACE_BOUND('',#2054,.T.);
#2054 = EDGE_LOOP('',(#2055,#2056,#2057,#2058));
#2055 = ORIENTED_EDGE('',*,*,#1756,.F.);
#2056 = ORIENTED_EDGE('',*,*,#196,.F.);
#2057 = ORIENTED_EDGE('',*,*,#249,.T.);
#2058 = ORIENTED_EDGE('',*,*,#2059,.T.);
#2059 = EDGE_CURVE('',#250,#1757,#2060,.T.);
#2060 = SURFACE_CURVE('',#2061,(#2065,#2071),.PCURVE_S1.);
#2061 = LINE('',#2062,#2063);
#2062 = CARTESIAN_POINT('',(-7.985,5.,67.));
#2063 = VECTOR('',#2064,1.);
#2064 = DIRECTION('',(0.,1.,0.));
#2065 = PCURVE('',#210,#2066);
#2066 = DEFINITIONAL_REPRESENTATION('',(#2067),#2070);
#2067 = B_SPLINE_CURVE_WITH_KNOTS('',1,(#2068,#2069),.UNSPECIFIED.,.F.,
  .F.,(2,2),(-5.,0.),.PIECEWISE_BEZIER_KNOTS.);
#2068 = CARTESIAN_POINT('',(20.015,0.));
#2069 = CARTESIAN_POINT('',(20.015,5.));
#2070 = ( GEOMETRIC_REPRESENTATION_CONTEXT(2) 
PARAMETRIC_REPRESENTATION_CONTEXT() REPRESENTATION_CONTEXT('2D SPACE',''
  ) );
#2071 = PCURVE('',#287,#2072);
#2072 = DEFINITIONAL_REPRESENTATION('',(#2073),#2076);
#2073 = B_SPLINE_CURVE_WITH_KNOTS('',1,(#2074,#2075),.UNSPECIFIED.,.F.,
  .F.,(2,2),(-5.,0.),.PIECEWISE_BEZIER_KNOTS.);
#2074 = CARTESIAN_POINT('',(10.,-10.));
#2075 = CARTESIAN_POINT('',(10.,-5.));
#2076 = ( GEOMETRIC_REPRESENTATION_CONTEXT(2) 
PARAMETRIC_REPRESENTATION_CONTEXT() REPRESENTATION_CONTEXT('2D SPACE',''
  ) );
#2077 = ADVANCED_FACE('',(#2078),#392,.T.);
#2078 = FACE_BOUND('',#2079,.T.);
#2079 = EDGE_LOOP('',(#2080,#2081,#2082,#2083,#2084,#2105,#2106));
#2080 = ORIENTED_EDGE('',*,*,#378,.F.);
#2081 = ORIENTED_EDGE('',*,*,#638,.F.);
#2082 = ORIENTED_EDGE('',*,*,#1106,.T.);
#2083 = ORIENTED_EDGE('',*,*,#1259,.F.);
#2084 = ORIENTED_EDGE('',*,*,#2085,.F.);
#2085 = EDGE_CURVE('',#1664,#1232,#2086,.T.);
#2086 = SURFACE_CURVE('',#2087,(#2091,#2098),.PCURVE_S1.);
#2087 = LINE('',#2088,#2089);
#2088 = CARTESIAN_POINT('',(28.,5.,39.));
#2089 = VECTOR('',#2090,1.);
#2090 = DIRECTION('',(0.,0.536875492193,-0.843661487732));
#2091 = PCURVE('',#392,#2092);
#2092 = DEFINITIONAL_REPRESENTATION('',(#2093),#2097);
#2093 = LINE('',#2094,#2095);
#2094 = CARTESIAN_POINT('',(39.,-5.));
#2095 = VECTOR('',#2096,1.);
#2096 = DIRECTION('',(-0.843661487732,-0.536875492193));
#2097 = ( GEOMETRIC_REPRESENTATION_CONTEXT(2) 
PARAMETRIC_REPRESENTATION_CONTEXT() REPRESENTATION_CONTEXT('2D SPACE',''
  ) );
#2098 = PCURVE('',#1247,#2099);
#2099 = DEFINITIONAL_REPRESENTATION('',(#2100),#2104);
#2100 = LINE('',#2101,#2102);
#2101 = CARTESIAN_POINT('',(0.,-4.));
#2102 = VECTOR('',#2103,1.);
#2103 = DIRECTION('',(1.,0.));
#2104 = ( GEOMETRIC_REPRESENTATION_CONTEXT(2) 
PARAMETRIC_REPRESENTATION_CONTEXT() REPRESENTATION_CONTEXT('2D SPACE',''
  ) );
#2105 = ORIENTED_EDGE('',*,*,#1663,.T.);
#2106 = ORIENTED_EDGE('',*,*,#2107,.F.);
#2107 = EDGE_CURVE('',#351,#1666,#2108,.T.);
#2108 = SURFACE_CURVE('',#2109,(#2113,#2120),.PCURVE_S1.);
#2109 = LINE('',#2110,#2111);
#2110 = CARTESIAN_POINT('',(28.,0.,67.));
#2111 = VECTOR('',#2112,1.);
#2112 = DIRECTION('',(0.,1.,0.));
#2113 = PCURVE('',#392,#2114);
#2114 = DEFINITIONAL_REPRESENTATION('',(#2115),#2119);
#2115 = LINE('',#2116,#2117);
#2116 = CARTESIAN_POINT('',(67.,0.));
#2117 = VECTOR('',#2118,1.);
#2118 = DIRECTION('',(0.,-1.));
#2119 = ( GEOMETRIC_REPRESENTATION_CONTEXT(2) 
PARAMETRIC_REPRESENTATION_CONTEXT() REPRESENTATION_CONTEXT('2D SPACE',''
  ) );
#2120 = PCURVE('',#366,#2121);
#2121 = DEFINITIONAL_REPRESENTATION('',(#2122),#2126);
#2122 = LINE('',#2123,#2124);
#2123 = CARTESIAN_POINT('',(56.,0.));
#2124 = VECTOR('',#2125,1.);
#2125 = DIRECTION('',(0.,1.));
#2126 = ( GEOMETRIC_REPRESENTATION_CONTEXT(2) 
PARAMETRIC_REPRESENTATION_CONTEXT() REPRESENTATION_CONTEXT('2D SPACE',''
  ) );
#2127 = ADVANCED_FACE('',(#2128),#366,.T.);
#2128 = FACE_BOUND('',#2129,.T.);
#2129 = EDGE_LOOP('',(#2130,#2131,#2150,#2151));
#2130 = ORIENTED_EDGE('',*,*,#1842,.F.);
#2131 = ORIENTED_EDGE('',*,*,#2132,.T.);
#2132 = EDGE_CURVE('',#1822,#325,#2133,.T.);
#2133 = SURFACE_CURVE('',#2134,(#2138,#2144),.PCURVE_S1.);
#2134 = LINE('',#2135,#2136);
#2135 = CARTESIAN_POINT('',(7.985,5.,67.));
#2136 = VECTOR('',#2137,1.);
#2137 = DIRECTION('',(0.,-1.,0.));
#2138 = PCURVE('',#366,#2139);
#2139 = DEFINITIONAL_REPRESENTATION('',(#2140),#2143);
#2140 = B_SPLINE_CURVE_WITH_KNOTS('',1,(#2141,#2142),.UNSPECIFIED.,.F.,
  .F.,(2,2),(0.,5.),.PIECEWISE_BEZIER_KNOTS.);
#2141 = CARTESIAN_POINT('',(35.985,5.));
#2142 = CARTESIAN_POINT('',(35.985,0.));
#2143 = ( GEOMETRIC_REPRESENTATION_CONTEXT(2) 
PARAMETRIC_REPRESENTATION_CONTEXT() REPRESENTATION_CONTEXT('2D SPACE',''
  ) );
#2144 = PCURVE('',#339,#2145);
#2145 = DEFINITIONAL_REPRESENTATION('',(#2146),#2149);
#2146 = B_SPLINE_CURVE_WITH_KNOTS('',1,(#2147,#2148),.UNSPECIFIED.,.F.,
  .F.,(2,2),(0.,5.),.PIECEWISE_BEZIER_KNOTS.);
#2147 = CARTESIAN_POINT('',(10.,-5.));
#2148 = CARTESIAN_POINT('',(10.,-10.));
#2149 = ( GEOMETRIC_REPRESENTATION_CONTEXT(2) 
PARAMETRIC_REPRESENTATION_CONTEXT() REPRESENTATION_CONTEXT('2D SPACE',''
  ) );
#2150 = ORIENTED_EDGE('',*,*,#350,.T.);
#2151 = ORIENTED_EDGE('',*,*,#2107,.T.);
#2152 = ADVANCED_FACE('',(#2153),#287,.T.);
#2153 = FACE_BOUND('',#2154,.T.);
#2154 = EDGE_LOOP('',(#2155,#2176,#2177,#2178));
#2155 = ORIENTED_EDGE('',*,*,#2156,.F.);
#2156 = EDGE_CURVE('',#1780,#273,#2157,.T.);
#2157 = SURFACE_CURVE('',#2158,(#2162,#2169),.PCURVE_S1.);
#2158 = LINE('',#2159,#2160);
#2159 = CARTESIAN_POINT('',(-7.985,10.,57.));
#2160 = VECTOR('',#2161,1.);
#2161 = DIRECTION('',(0.,-1.,0.));
#2162 = PCURVE('',#287,#2163);
#2163 = DEFINITIONAL_REPRESENTATION('',(#2164),#2168);
#2164 = LINE('',#2165,#2166);
#2165 = CARTESIAN_POINT('',(20.,0.));
#2166 = VECTOR('',#2167,1.);
#2167 = DIRECTION('',(0.,-1.));
#2168 = ( GEOMETRIC_REPRESENTATION_CONTEXT(2) 
PARAMETRIC_REPRESENTATION_CONTEXT() REPRESENTATION_CONTEXT('2D SPACE',''
  ) );
#2169 = PCURVE('',#313,#2170);
#2170 = DEFINITIONAL_REPRESENTATION('',(#2171),#2175);
#2171 = LINE('',#2172,#2173);
#2172 = CARTESIAN_POINT('',(0.,0.));
#2173 = VECTOR('',#2174,1.);
#2174 = DIRECTION('',(0.,-1.));
#2175 = ( GEOMETRIC_REPRESENTATION_CONTEXT(2) 
PARAMETRIC_REPRESENTATION_CONTEXT() REPRESENTATION_CONTEXT('2D SPACE',''
  ) );
#2176 = ORIENTED_EDGE('',*,*,#1779,.F.);
#2177 = ORIENTED_EDGE('',*,*,#2059,.F.);
#2178 = ORIENTED_EDGE('',*,*,#272,.T.);
#2179 = ADVANCED_FACE('',(#2180),#339,.T.);
#2180 = FACE_BOUND('',#2181,.T.);
#2181 = EDGE_LOOP('',(#2182,#2183,#2204,#2205));
#2182 = ORIENTED_EDGE('',*,*,#1821,.F.);
#2183 = ORIENTED_EDGE('',*,*,#2184,.T.);
#2184 = EDGE_CURVE('',#1801,#299,#2185,.T.);
#2185 = SURFACE_CURVE('',#2186,(#2190,#2197),.PCURVE_S1.);
#2186 = LINE('',#2187,#2188);
#2187 = CARTESIAN_POINT('',(7.985,10.,57.));
#2188 = VECTOR('',#2189,1.);
#2189 = DIRECTION('',(0.,-1.,0.));
#2190 = PCURVE('',#339,#2191);
#2191 = DEFINITIONAL_REPRESENTATION('',(#2192),#2196);
#2192 = LINE('',#2193,#2194);
#2193 = CARTESIAN_POINT('',(0.,0.));
#2194 = VECTOR('',#2195,1.);
#2195 = DIRECTION('',(0.,-1.));
#2196 = ( GEOMETRIC_REPRESENTATION_CONTEXT(2) 
PARAMETRIC_REPRESENTATION_CONTEXT() REPRESENTATION_CONTEXT('2D SPACE',''
  ) );
#2197 = PCURVE('',#313,#2198);
#2198 = DEFINITIONAL_REPRESENTATION('',(#2199),#2203);
#2199 = LINE('',#2200,#2201);
#2200 = CARTESIAN_POINT('',(15.97,0.));
#2201 = VECTOR('',#2202,1.);
#2202 = DIRECTION('',(0.,-1.));
#2203 = ( GEOMETRIC_REPRESENTATION_CONTEXT(2) 
PARAMETRIC_REPRESENTATION_CONTEXT() REPRESENTATION_CONTEXT('2D SPACE',''
  ) );
#2204 = ORIENTED_EDGE('',*,*,#324,.T.);
#2205 = ORIENTED_EDGE('',*,*,#2132,.F.);
#2206 = ADVANCED_FACE('',(#2207),#313,.T.);
#2207 = FACE_BOUND('',#2208,.T.);
#2208 = EDGE_LOOP('',(#2209,#2210,#2211,#2212));
#2209 = ORIENTED_EDGE('',*,*,#1800,.F.);
#2210 = ORIENTED_EDGE('',*,*,#2156,.T.);
#2211 = ORIENTED_EDGE('',*,*,#298,.T.);
#2212 = ORIENTED_EDGE('',*,*,#2184,.F.);
#2213 = ADVANCED_FACE('',(#2214),#423,.F.);
#2214 = FACE_BOUND('',#2215,.T.);
#2215 = EDGE_LOOP('',(#2216,#2217,#2238,#2239));
#2216 = ORIENTED_EDGE('',*,*,#1865,.T.);
#2217 = ORIENTED_EDGE('',*,*,#2218,.T.);
#2218 = EDGE_CURVE('',#1866,#407,#2219,.T.);
#2219 = SEAM_CURVE('',#2220,(#2224,#2231),.PCURVE_S1.);
#2220 = LINE('',#2221,#2222);
#2221 = CARTESIAN_POINT('',(-13.55,10.,30.));
#2222 = VECTOR('',#2223,1.);
#2223 = DIRECTION('',(0.,-1.,0.));
#2224 = PCURVE('',#423,#2225);
#2225 = DEFINITIONAL_REPRESENTATION('',(#2226),#2230);
#2226 = LINE('',#2227,#2228);
#2227 = CARTESIAN_POINT('',(-6.28318530718,0.));
#2228 = VECTOR('',#2229,1.);
#2229 = DIRECTION('',(-0.,-1.));
#2230 = ( GEOMETRIC_REPRESENTATION_CONTEXT(2) 
PARAMETRIC_REPRESENTATION_CONTEXT() REPRESENTATION_CONTEXT('2D SPACE',''
  ) );
#2231 = PCURVE('',#423,#2232);
#2232 = DEFINITIONAL_REPRESENTATION('',(#2233),#2237);
#2233 = LINE('',#2234,#2235);
#2234 = CARTESIAN_POINT('',(-0.,0.));
#2235 = VECTOR('',#2236,1.);
#2236 = DIRECTION('',(-0.,-1.));
#2237 = ( GEOMETRIC_REPRESENTATION_CONTEXT(2) 
PARAMETRIC_REPRESENTATION_CONTEXT() REPRESENTATION_CONTEXT('2D SPACE',''
  ) );
#2238 = ORIENTED_EDGE('',*,*,#406,.F.);
#2239 = ORIENTED_EDGE('',*,*,#2218,.F.);
#2240 = ADVANCED_FACE('',(#2241),#454,.T.);
#2241 = FACE_BOUND('',#2242,.T.);
#2242 = EDGE_LOOP('',(#2243,#2244,#2265,#2266));
#2243 = ORIENTED_EDGE('',*,*,#1891,.F.);
#2244 = ORIENTED_EDGE('',*,*,#2245,.T.);
#2245 = EDGE_CURVE('',#1892,#438,#2246,.T.);
#2246 = SURFACE_CURVE('',#2247,(#2251,#2258),.PCURVE_S1.);
#2247 = LINE('',#2248,#2249);
#2248 = CARTESIAN_POINT('',(-8.985,10.,24.));
#2249 = VECTOR('',#2250,1.);
#2250 = DIRECTION('',(0.,-1.,0.));
#2251 = PCURVE('',#454,#2252);
#2252 = DEFINITIONAL_REPRESENTATION('',(#2253),#2257);
#2253 = LINE('',#2254,#2255);
#2254 = CARTESIAN_POINT('',(0.,0.));
#2255 = VECTOR('',#2256,1.);
#2256 = DIRECTION('',(0.,-1.));
#2257 = ( GEOMETRIC_REPRESENTATION_CONTEXT(2) 
PARAMETRIC_REPRESENTATION_CONTEXT() REPRESENTATION_CONTEXT('2D SPACE',''
  ) );
#2258 = PCURVE('',#530,#2259);
#2259 = DEFINITIONAL_REPRESENTATION('',(#2260),#2264);
#2260 = LINE('',#2261,#2262);
#2261 = CARTESIAN_POINT('',(17.97,0.));
#2262 = VECTOR('',#2263,1.);
#2263 = DIRECTION('',(0.,-1.));
#2264 = ( GEOMETRIC_REPRESENTATION_CONTEXT(2) 
PARAMETRIC_REPRESENTATION_CONTEXT() REPRESENTATION_CONTEXT('2D SPACE',''
  ) );
#2265 = ORIENTED_EDGE('',*,*,#437,.T.);
#2266 = ORIENTED_EDGE('',*,*,#2267,.F.);
#2267 = EDGE_CURVE('',#1894,#440,#2268,.T.);
#2268 = SURFACE_CURVE('',#2269,(#2273,#2280),.PCURVE_S1.);
#2269 = LINE('',#2270,#2271);
#2270 = CARTESIAN_POINT('',(-8.985,10.,8.));
#2271 = VECTOR('',#2272,1.);
#2272 = DIRECTION('',(0.,-1.,0.));
#2273 = PCURVE('',#454,#2274);
#2274 = DEFINITIONAL_REPRESENTATION('',(#2275),#2279);
#2275 = LINE('',#2276,#2277);
#2276 = CARTESIAN_POINT('',(16.,0.));
#2277 = VECTOR('',#2278,1.);
#2278 = DIRECTION('',(0.,-1.));
#2279 = ( GEOMETRIC_REPRESENTATION_CONTEXT(2) 
PARAMETRIC_REPRESENTATION_CONTEXT() REPRESENTATION_CONTEXT('2D SPACE',''
  ) );
#2280 = PCURVE('',#480,#2281);
#2281 = DEFINITIONAL_REPRESENTATION('',(#2282),#2286);
#2282 = LINE('',#2283,#2284);
#2283 = CARTESIAN_POINT('',(0.,0.));
#2284 = VECTOR('',#2285,1.);
#2285 = DIRECTION('',(0.,-1.));
#2286 = ( GEOMETRIC_REPRESENTATION_CONTEXT(2) 
PARAMETRIC_REPRESENTATION_CONTEXT() REPRESENTATION_CONTEXT('2D SPACE',''
  ) );
#2287 = ADVANCED_FACE('',(#2288),#530,.T.);
#2288 = FACE_BOUND('',#2289,.T.);
#2289 = EDGE_LOOP('',(#2290,#2291,#2312,#2313));
#2290 = ORIENTED_EDGE('',*,*,#1956,.F.);
#2291 = ORIENTED_EDGE('',*,*,#2292,.T.);
#2292 = EDGE_CURVE('',#1936,#492,#2293,.T.);
#2293 = SURFACE_CURVE('',#2294,(#2298,#2305),.PCURVE_S1.);
#2294 = LINE('',#2295,#2296);
#2295 = CARTESIAN_POINT('',(8.985,10.,24.));
#2296 = VECTOR('',#2297,1.);
#2297 = DIRECTION('',(0.,-1.,0.));
#2298 = PCURVE('',#530,#2299);
#2299 = DEFINITIONAL_REPRESENTATION('',(#2300),#2304);
#2300 = LINE('',#2301,#2302);
#2301 = CARTESIAN_POINT('',(0.,0.));
#2302 = VECTOR('',#2303,1.);
#2303 = DIRECTION('',(0.,-1.));
#2304 = ( GEOMETRIC_REPRESENTATION_CONTEXT(2) 
PARAMETRIC_REPRESENTATION_CONTEXT() REPRESENTATION_CONTEXT('2D SPACE',''
  ) );
#2305 = PCURVE('',#506,#2306);
#2306 = DEFINITIONAL_REPRESENTATION('',(#2307),#2311);
#2307 = LINE('',#2308,#2309);
#2308 = CARTESIAN_POINT('',(16.,0.));
#2309 = VECTOR('',#2310,1.);
#2310 = DIRECTION('',(0.,-1.));
#2311 = ( GEOMETRIC_REPRESENTATION_CONTEXT(2) 
PARAMETRIC_REPRESENTATION_CONTEXT() REPRESENTATION_CONTEXT('2D SPACE',''
  ) );
#2312 = ORIENTED_EDGE('',*,*,#517,.T.);
#2313 = ORIENTED_EDGE('',*,*,#2245,.F.);
#2314 = ADVANCED_FACE('',(#2315),#506,.T.);
#2315 = FACE_BOUND('',#2316,.T.);
#2316 = EDGE_LOOP('',(#2317,#2318,#2339,#2340));
#2317 = ORIENTED_EDGE('',*,*,#1935,.F.);
#2318 = ORIENTED_EDGE('',*,*,#2319,.T.);
#2319 = EDGE_CURVE('',#1915,#466,#2320,.T.);
#2320 = SURFACE_CURVE('',#2321,(#2325,#2332),.PCURVE_S1.);
#2321 = LINE('',#2322,#2323);
#2322 = CARTESIAN_POINT('',(8.985,10.,8.));
#2323 = VECTOR('',#2324,1.);
#2324 = DIRECTION('',(0.,-1.,0.));
#2325 = PCURVE('',#506,#2326);
#2326 = DEFINITIONAL_REPRESENTATION('',(#2327),#2331);
#2327 = LINE('',#2328,#2329);
#2328 = CARTESIAN_POINT('',(0.,0.));
#2329 = VECTOR('',#2330,1.);
#2330 = DIRECTION('',(0.,-1.));
#2331 = ( GEOMETRIC_REPRESENTATION_CONTEXT(2) 
PARAMETRIC_REPRESENTATION_CONTEXT() REPRESENTATION_CONTEXT('2D SPACE',''
  ) );
#2332 = PCURVE('',#480,#2333);
#2333 = DEFINITIONAL_REPRESENTATION('',(#2334),#2338);
#2334 = LINE('',#2335,#2336);
#2335 = CARTESIAN_POINT('',(17.97,0.));
#2336 = VECTOR('',#2337,1.);
#2337 = DIRECTION('',(0.,-1.));
#2338 = ( GEOMETRIC_REPRESENTATION_CONTEXT(2) 
PARAMETRIC_REPRESENTATION_CONTEXT() REPRESENTATION_CONTEXT('2D SPACE',''
  ) );
#2339 = ORIENTED_EDGE('',*,*,#491,.T.);
#2340 = ORIENTED_EDGE('',*,*,#2292,.F.);
#2341 = ADVANCED_FACE('',(#2342),#480,.T.);
#2342 = FACE_BOUND('',#2343,.T.);
#2343 = EDGE_LOOP('',(#2344,#2345,#2346,#2347));
#2344 = ORIENTED_EDGE('',*,*,#1914,.F.);
#2345 = ORIENTED_EDGE('',*,*,#2267,.T.);
#2346 = ORIENTED_EDGE('',*,*,#465,.T.);
#2347 = ORIENTED_EDGE('',*,*,#2319,.F.);
#2348 = ADVANCED_FACE('',(#2349),#560,.F.);
#2349 = FACE_BOUND('',#2350,.T.);
#2350 = EDGE_LOOP('',(#2351,#2352,#2373,#2374));
#2351 = ORIENTED_EDGE('',*,*,#1977,.T.);
#2352 = ORIENTED_EDGE('',*,*,#2353,.T.);
#2353 = EDGE_CURVE('',#1978,#544,#2354,.T.);
#2354 = SEAM_CURVE('',#2355,(#2359,#2366),.PCURVE_S1.);
#2355 = LINE('',#2356,#2357);
#2356 = CARTESIAN_POINT('',(-13.55,10.,60.));
#2357 = VECTOR('',#2358,1.);
#2358 = DIRECTION('',(0.,-1.,0.));
#2359 = PCURVE('',#560,#2360);
#2360 = DEFINITIONAL_REPRESENTATION('',(#2361),#2365);
#2361 = LINE('',#2362,#2363);
#2362 = CARTESIAN_POINT('',(-6.28318530718,0.));
#2363 = VECTOR('',#2364,1.);
#2364 = DIRECTION('',(-0.,-1.));
#2365 = ( GEOMETRIC_REPRESENTATION_CONTEXT(2) 
PARAMETRIC_REPRESENTATION_CONTEXT() REPRESENTATION_CONTEXT('2D SPACE',''
  ) );
#2366 = PCURVE('',#560,#2367);
#2367 = DEFINITIONAL_REPRESENTATION('',(#2368),#2372);
#2368 = LINE('',#2369,#2370);
#2369 = CARTESIAN_POINT('',(-0.,0.));
#2370 = VECTOR('',#2371,1.);
#2371 = DIRECTION('',(-0.,-1.));
#2372 = ( GEOMETRIC_REPRESENTATION_CONTEXT(2) 
PARAMETRIC_REPRESENTATION_CONTEXT() REPRESENTATION_CONTEXT('2D SPACE',''
  ) );
#2373 = ORIENTED_EDGE('',*,*,#543,.F.);
#2374 = ORIENTED_EDGE('',*,*,#2353,.F.);
#2375 = ADVANCED_FACE('',(#2376),#591,.F.);
#2376 = FACE_BOUND('',#2377,.T.);
#2377 = EDGE_LOOP('',(#2378,#2379,#2400,#2401));
#2378 = ORIENTED_EDGE('',*,*,#2003,.T.);
#2379 = ORIENTED_EDGE('',*,*,#2380,.T.);
#2380 = EDGE_CURVE('',#2004,#575,#2381,.T.);
#2381 = SEAM_CURVE('',#2382,(#2386,#2393),.PCURVE_S1.);
#2382 = LINE('',#2383,#2384);
#2383 = CARTESIAN_POINT('',(16.45,10.,30.));
#2384 = VECTOR('',#2385,1.);
#2385 = DIRECTION('',(0.,-1.,0.));
#2386 = PCURVE('',#591,#2387);
#2387 = DEFINITIONAL_REPRESENTATION('',(#2388),#2392);
#2388 = LINE('',#2389,#2390);
#2389 = CARTESIAN_POINT('',(-6.28318530718,0.));
#2390 = VECTOR('',#2391,1.);
#2391 = DIRECTION('',(-0.,-1.));
#2392 = ( GEOMETRIC_REPRESENTATION_CONTEXT(2) 
PARAMETRIC_REPRESENTATION_CONTEXT() REPRESENTATION_CONTEXT('2D SPACE',''
  ) );
#2393 = PCURVE('',#591,#2394);
#2394 = DEFINITIONAL_REPRESENTATION('',(#2395),#2399);
#2395 = LINE('',#2396,#2397);
#2396 = CARTESIAN_POINT('',(-0.,0.));
#2397 = VECTOR('',#2398,1.);
#2398 = DIRECTION('',(-0.,-1.));
#2399 = ( GEOMETRIC_REPRESENTATION_CONTEXT(2) 
PARAMETRIC_REPRESENTATION_CONTEXT() REPRESENTATION_CONTEXT('2D SPACE',''
  ) );
#2400 = ORIENTED_EDGE('',*,*,#574,.F.);
#2401 = ORIENTED_EDGE('',*,*,#2380,.F.);
#2402 = ADVANCED_FACE('',(#2403),#622,.F.);
#2403 = FACE_BOUND('',#2404,.T.);
#2404 = EDGE_LOOP('',(#2405,#2406,#2427,#2428));
#2405 = ORIENTED_EDGE('',*,*,#2029,.T.);
#2406 = ORIENTED_EDGE('',*,*,#2407,.T.);
#2407 = EDGE_CURVE('',#2030,#606,#2408,.T.);
#2408 = SEAM_CURVE('',#2409,(#2413,#2420),.PCURVE_S1.);
#2409 = LINE('',#2410,#2411);
#2410 = CARTESIAN_POINT('',(16.45,10.,60.));
#2411 = VECTOR('',#2412,1.);
#2412 = DIRECTION('',(0.,-1.,0.));
#2413 = PCURVE('',#622,#2414);
#2414 = DEFINITIONAL_REPRESENTATION('',(#2415),#2419);
#2415 = LINE('',#2416,#2417);
#2416 = CARTESIAN_POINT('',(-6.28318530718,0.));
#2417 = VECTOR('',#2418,1.);
#2418 = DIRECTION('',(-0.,-1.));
#2419 = ( GEOMETRIC_REPRESENTATION_CONTEXT(2) 
PARAMETRIC_REPRESENTATION_CONTEXT() REPRESENTATION_CONTEXT('2D SPACE',''
  ) );
#2420 = PCURVE('',#622,#2421);
#2421 = DEFINITIONAL_REPRESENTATION('',(#2422),#2426);
#2422 = LINE('',#2423,#2424);
#2423 = CARTESIAN_POINT('',(-0.,0.));
#2424 = VECTOR('',#2425,1.);
#2425 = DIRECTION('',(-0.,-1.));
#2426 = ( GEOMETRIC_REPRESENTATION_CONTEXT(2) 
PARAMETRIC_REPRESENTATION_CONTEXT() REPRESENTATION_CONTEXT('2D SPACE',''
  ) );
#2427 = ORIENTED_EDGE('',*,*,#605,.F.);
#2428 = ORIENTED_EDGE('',*,*,#2407,.F.);
#2429 = ADVANCED_FACE('',(#2430),#702,.F.);
#2430 = FACE_BOUND('',#2431,.F.);
#2431 = EDGE_LOOP('',(#2432,#2433,#2454,#2455));
#2432 = ORIENTED_EDGE('',*,*,#1283,.F.);
#2433 = ORIENTED_EDGE('',*,*,#2434,.F.);
#2434 = EDGE_CURVE('',#686,#1284,#2435,.T.);
#2435 = SEAM_CURVE('',#2436,(#2440,#2447),.PCURVE_S1.);
#2436 = LINE('',#2437,#2438);
#2437 = CARTESIAN_POINT('',(-22.25,20.8175,-0.));
#2438 = VECTOR('',#2439,1.);
#2439 = DIRECTION('',(0.,0.,1.));
#2440 = PCURVE('',#702,#2441);
#2441 = DEFINITIONAL_REPRESENTATION('',(#2442),#2446);
#2442 = LINE('',#2443,#2444);
#2443 = CARTESIAN_POINT('',(6.28318530718,-0.));
#2444 = VECTOR('',#2445,1.);
#2445 = DIRECTION('',(0.,1.));
#2446 = ( GEOMETRIC_REPRESENTATION_CONTEXT(2) 
PARAMETRIC_REPRESENTATION_CONTEXT() REPRESENTATION_CONTEXT('2D SPACE',''
  ) );
#2447 = PCURVE('',#702,#2448);
#2448 = DEFINITIONAL_REPRESENTATION('',(#2449),#2453);
#2449 = LINE('',#2450,#2451);
#2450 = CARTESIAN_POINT('',(0.,-0.));
#2451 = VECTOR('',#2452,1.);
#2452 = DIRECTION('',(0.,1.));
#2453 = ( GEOMETRIC_REPRESENTATION_CONTEXT(2) 
PARAMETRIC_REPRESENTATION_CONTEXT() REPRESENTATION_CONTEXT('2D SPACE',''
  ) );
#2454 = ORIENTED_EDGE('',*,*,#685,.T.);
#2455 = ORIENTED_EDGE('',*,*,#2434,.T.);
#2456 = ADVANCED_FACE('',(#2457),#733,.F.);
#2457 = FACE_BOUND('',#2458,.F.);
#2458 = EDGE_LOOP('',(#2459,#2460,#2481,#2482));
#2459 = ORIENTED_EDGE('',*,*,#1309,.F.);
#2460 = ORIENTED_EDGE('',*,*,#2461,.F.);
#2461 = EDGE_CURVE('',#717,#1310,#2462,.T.);
#2462 = SEAM_CURVE('',#2463,(#2467,#2474),.PCURVE_S1.);
#2463 = LINE('',#2464,#2465);
#2464 = CARTESIAN_POINT('',(17.75,20.8175,-0.));
#2465 = VECTOR('',#2466,1.);
#2466 = DIRECTION('',(0.,0.,1.));
#2467 = PCURVE('',#733,#2468);
#2468 = DEFINITIONAL_REPRESENTATION('',(#2469),#2473);
#2469 = LINE('',#2470,#2471);
#2470 = CARTESIAN_POINT('',(6.28318530718,-0.));
#2471 = VECTOR('',#2472,1.);
#2472 = DIRECTION('',(0.,1.));
#2473 = ( GEOMETRIC_REPRESENTATION_CONTEXT(2) 
PARAMETRIC_REPRESENTATION_CONTEXT() REPRESENTATION_CONTEXT('2D SPACE',''
  ) );
#2474 = PCURVE('',#733,#2475);
#2475 = DEFINITIONAL_REPRESENTATION('',(#2476),#2480);
#2476 = LINE('',#2477,#2478);
#2477 = CARTESIAN_POINT('',(0.,-0.));
#2478 = VECTOR('',#2479,1.);
#2479 = DIRECTION('',(0.,1.));
#2480 = ( GEOMETRIC_REPRESENTATION_CONTEXT(2) 
PARAMETRIC_REPRESENTATION_CONTEXT() REPRESENTATION_CONTEXT('2D SPACE',''
  ) );
#2481 = ORIENTED_EDGE('',*,*,#716,.T.);
#2482 = ORIENTED_EDGE('',*,*,#2461,.T.);
#2483 = ADVANCED_FACE('',(#2484),#764,.F.);
#2484 = FACE_BOUND('',#2485,.F.);
#2485 = EDGE_LOOP('',(#2486,#2487,#2508,#2509));
#2486 = ORIENTED_EDGE('',*,*,#1335,.F.);
#2487 = ORIENTED_EDGE('',*,*,#2488,.F.);
#2488 = EDGE_CURVE('',#748,#1336,#2489,.T.);
#2489 = SEAM_CURVE('',#2490,(#2494,#2501),.PCURVE_S1.);
#2490 = LINE('',#2491,#2492);
#2491 = CARTESIAN_POINT('',(-3.5,40.8175,-0.));
#2492 = VECTOR('',#2493,1.);
#2493 = DIRECTION('',(0.,0.,1.));
#2494 = PCURVE('',#764,#2495);
#2495 = DEFINITIONAL_REPRESENTATION('',(#2496),#2500);
#2496 = LINE('',#2497,#2498);
#2497 = CARTESIAN_POINT('',(6.28318530718,-0.));
#2498 = VECTOR('',#2499,1.);
#2499 = DIRECTION('',(0.,1.));
#2500 = ( GEOMETRIC_REPRESENTATION_CONTEXT(2) 
PARAMETRIC_REPRESENTATION_CONTEXT() REPRESENTATION_CONTEXT('2D SPACE',''
  ) );
#2501 = PCURVE('',#764,#2502);
#2502 = DEFINITIONAL_REPRESENTATION('',(#2503),#2507);
#2503 = LINE('',#2504,#2505);
#2504 = CARTESIAN_POINT('',(0.,-0.));
#2505 = VECTOR('',#2506,1.);
#2506 = DIRECTION('',(0.,1.));
#2507 = ( GEOMETRIC_REPRESENTATION_CONTEXT(2) 
PARAMETRIC_REPRESENTATION_CONTEXT() REPRESENTATION_CONTEXT('2D SPACE',''
  ) );
#2508 = ORIENTED_EDGE('',*,*,#747,.T.);
#2509 = ORIENTED_EDGE('',*,*,#2488,.T.);
#2510 = ADVANCED_FACE('',(#2511),#795,.F.);
#2511 = FACE_BOUND('',#2512,.F.);
#2512 = EDGE_LOOP('',(#2513,#2514,#2535,#2536));
#2513 = ORIENTED_EDGE('',*,*,#778,.T.);
#2514 = ORIENTED_EDGE('',*,*,#2515,.T.);
#2515 = EDGE_CURVE('',#781,#1364,#2516,.T.);
#2516 = SURFACE_CURVE('',#2517,(#2521,#2528),.PCURVE_S1.);
#2517 = LINE('',#2518,#2519);
#2518 = CARTESIAN_POINT('',(-16.3,31.88,-6.));
#2519 = VECTOR('',#2520,1.);
#2520 = DIRECTION('',(0.,0.,1.));
#2521 = PCURVE('',#795,#2522);
#2522 = DEFINITIONAL_REPRESENTATION('',(#2523),#2527);
#2523 = LINE('',#2524,#2525);
#2524 = CARTESIAN_POINT('',(0.,0.));
#2525 = VECTOR('',#2526,1.);
#2526 = DIRECTION('',(0.,-1.));
#2527 = ( GEOMETRIC_REPRESENTATION_CONTEXT(2) 
PARAMETRIC_REPRESENTATION_CONTEXT() REPRESENTATION_CONTEXT('2D SPACE',''
  ) );
#2528 = PCURVE('',#884,#2529);
#2529 = DEFINITIONAL_REPRESENTATION('',(#2530),#2534);
#2530 = LINE('',#2531,#2532);
#2531 = CARTESIAN_POINT('',(3.14159265359,0.));
#2532 = VECTOR('',#2533,1.);
#2533 = DIRECTION('',(0.,-1.));
#2534 = ( GEOMETRIC_REPRESENTATION_CONTEXT(2) 
PARAMETRIC_REPRESENTATION_CONTEXT() REPRESENTATION_CONTEXT('2D SPACE',''
  ) );
#2535 = ORIENTED_EDGE('',*,*,#1361,.F.);
#2536 = ORIENTED_EDGE('',*,*,#2537,.F.);
#2537 = EDGE_CURVE('',#779,#1362,#2538,.T.);
#2538 = SURFACE_CURVE('',#2539,(#2543,#2550),.PCURVE_S1.);
#2539 = LINE('',#2540,#2541);
#2540 = CARTESIAN_POINT('',(-16.3,71.335,-6.));
#2541 = VECTOR('',#2542,1.);
#2542 = DIRECTION('',(0.,0.,1.));
#2543 = PCURVE('',#795,#2544);
#2544 = DEFINITIONAL_REPRESENTATION('',(#2545),#2549);
#2545 = LINE('',#2546,#2547);
#2546 = CARTESIAN_POINT('',(39.455,0.));
#2547 = VECTOR('',#2548,1.);
#2548 = DIRECTION('',(0.,-1.));
#2549 = ( GEOMETRIC_REPRESENTATION_CONTEXT(2) 
PARAMETRIC_REPRESENTATION_CONTEXT() REPRESENTATION_CONTEXT('2D SPACE',''
  ) );
#2550 = PCURVE('',#827,#2551);
#2551 = DEFINITIONAL_REPRESENTATION('',(#2552),#2556);
#2552 = LINE('',#2553,#2554);
#2553 = CARTESIAN_POINT('',(0.,0.));
#2554 = VECTOR('',#2555,1.);
#2555 = DIRECTION('',(0.,-1.));
#2556 = ( GEOMETRIC_REPRESENTATION_CONTEXT(2) 
PARAMETRIC_REPRESENTATION_CONTEXT() REPRESENTATION_CONTEXT('2D SPACE',''
  ) );
#2557 = ADVANCED_FACE('',(#2558),#827,.F.);
#2558 = FACE_BOUND('',#2559,.F.);
#2559 = EDGE_LOOP('',(#2560,#2561,#2562,#2563));
#2560 = ORIENTED_EDGE('',*,*,#806,.F.);
#2561 = ORIENTED_EDGE('',*,*,#2537,.T.);
#2562 = ORIENTED_EDGE('',*,*,#1384,.T.);
#2563 = ORIENTED_EDGE('',*,*,#2564,.F.);
#2564 = EDGE_CURVE('',#807,#1385,#2565,.T.);
#2565 = SURFACE_CURVE('',#2566,(#2570,#2577),.PCURVE_S1.);
#2566 = LINE('',#2567,#2568);
#2567 = CARTESIAN_POINT('',(-11.7,71.335,-6.));
#2568 = VECTOR('',#2569,1.);
#2569 = DIRECTION('',(0.,0.,1.));
#2570 = PCURVE('',#827,#2571);
#2571 = DEFINITIONAL_REPRESENTATION('',(#2572),#2576);
#2572 = LINE('',#2573,#2574);
#2573 = CARTESIAN_POINT('',(3.14159265359,0.));
#2574 = VECTOR('',#2575,1.);
#2575 = DIRECTION('',(0.,-1.));
#2576 = ( GEOMETRIC_REPRESENTATION_CONTEXT(2) 
PARAMETRIC_REPRESENTATION_CONTEXT() REPRESENTATION_CONTEXT('2D SPACE',''
  ) );
#2577 = PCURVE('',#854,#2578);
#2578 = DEFINITIONAL_REPRESENTATION('',(#2579),#2583);
#2579 = LINE('',#2580,#2581);
#2580 = CARTESIAN_POINT('',(0.,0.));
#2581 = VECTOR('',#2582,1.);
#2582 = DIRECTION('',(0.,-1.));
#2583 = ( GEOMETRIC_REPRESENTATION_CONTEXT(2) 
PARAMETRIC_REPRESENTATION_CONTEXT() REPRESENTATION_CONTEXT('2D SPACE',''
  ) );
#2584 = ADVANCED_FACE('',(#2585),#884,.F.);
#2585 = FACE_BOUND('',#2586,.F.);
#2586 = EDGE_LOOP('',(#2587,#2588,#2609,#2610));
#2587 = ORIENTED_EDGE('',*,*,#865,.F.);
#2588 = ORIENTED_EDGE('',*,*,#2589,.T.);
#2589 = EDGE_CURVE('',#840,#1413,#2590,.T.);
#2590 = SURFACE_CURVE('',#2591,(#2595,#2602),.PCURVE_S1.);
#2591 = LINE('',#2592,#2593);
#2592 = CARTESIAN_POINT('',(-11.7,31.88,-6.));
#2593 = VECTOR('',#2594,1.);
#2594 = DIRECTION('',(0.,0.,1.));
#2595 = PCURVE('',#884,#2596);
#2596 = DEFINITIONAL_REPRESENTATION('',(#2597),#2601);
#2597 = LINE('',#2598,#2599);
#2598 = CARTESIAN_POINT('',(0.,0.));
#2599 = VECTOR('',#2600,1.);
#2600 = DIRECTION('',(0.,-1.));
#2601 = ( GEOMETRIC_REPRESENTATION_CONTEXT(2) 
PARAMETRIC_REPRESENTATION_CONTEXT() REPRESENTATION_CONTEXT('2D SPACE',''
  ) );
#2602 = PCURVE('',#854,#2603);
#2603 = DEFINITIONAL_REPRESENTATION('',(#2604),#2608);
#2604 = LINE('',#2605,#2606);
#2605 = CARTESIAN_POINT('',(39.455,0.));
#2606 = VECTOR('',#2607,1.);
#2607 = DIRECTION('',(0.,-1.));
#2608 = ( GEOMETRIC_REPRESENTATION_CONTEXT(2) 
PARAMETRIC_REPRESENTATION_CONTEXT() REPRESENTATION_CONTEXT('2D SPACE',''
  ) );
#2609 = ORIENTED_EDGE('',*,*,#1433,.T.);
#2610 = ORIENTED_EDGE('',*,*,#2515,.F.);
#2611 = ADVANCED_FACE('',(#2612),#854,.F.);
#2612 = FACE_BOUND('',#2613,.F.);
#2613 = EDGE_LOOP('',(#2614,#2615,#2616,#2617));
#2614 = ORIENTED_EDGE('',*,*,#839,.T.);
#2615 = ORIENTED_EDGE('',*,*,#2564,.T.);
#2616 = ORIENTED_EDGE('',*,*,#1412,.F.);
#2617 = ORIENTED_EDGE('',*,*,#2589,.F.);
#2618 = ADVANCED_FACE('',(#2619),#915,.F.);
#2619 = FACE_BOUND('',#2620,.F.);
#2620 = EDGE_LOOP('',(#2621,#2622,#2643,#2644));
#2621 = ORIENTED_EDGE('',*,*,#1461,.F.);
#2622 = ORIENTED_EDGE('',*,*,#2623,.F.);
#2623 = EDGE_CURVE('',#899,#1462,#2624,.T.);
#2624 = SEAM_CURVE('',#2625,(#2629,#2636),.PCURVE_S1.);
#2625 = LINE('',#2626,#2627);
#2626 = CARTESIAN_POINT('',(-22.25,60.8175,-0.));
#2627 = VECTOR('',#2628,1.);
#2628 = DIRECTION('',(0.,0.,1.));
#2629 = PCURVE('',#915,#2630);
#2630 = DEFINITIONAL_REPRESENTATION('',(#2631),#2635);
#2631 = LINE('',#2632,#2633);
#2632 = CARTESIAN_POINT('',(6.28318530718,-0.));
#2633 = VECTOR('',#2634,1.);
#2634 = DIRECTION('',(0.,1.));
#2635 = ( GEOMETRIC_REPRESENTATION_CONTEXT(2) 
PARAMETRIC_REPRESENTATION_CONTEXT() REPRESENTATION_CONTEXT('2D SPACE',''
  ) );
#2636 = PCURVE('',#915,#2637);
#2637 = DEFINITIONAL_REPRESENTATION('',(#2638),#2642);
#2638 = LINE('',#2639,#2640);
#2639 = CARTESIAN_POINT('',(0.,-0.));
#2640 = VECTOR('',#2641,1.);
#2641 = DIRECTION('',(0.,1.));
#2642 = ( GEOMETRIC_REPRESENTATION_CONTEXT(2) 
PARAMETRIC_REPRESENTATION_CONTEXT() REPRESENTATION_CONTEXT('2D SPACE',''
  ) );
#2643 = ORIENTED_EDGE('',*,*,#898,.T.);
#2644 = ORIENTED_EDGE('',*,*,#2623,.T.);
#2645 = ADVANCED_FACE('',(#2646),#946,.F.);
#2646 = FACE_BOUND('',#2647,.F.);
#2647 = EDGE_LOOP('',(#2648,#2649,#2670,#2671));
#2648 = ORIENTED_EDGE('',*,*,#929,.T.);
#2649 = ORIENTED_EDGE('',*,*,#2650,.T.);
#2650 = EDGE_CURVE('',#932,#1490,#2651,.T.);
#2651 = SURFACE_CURVE('',#2652,(#2656,#2663),.PCURVE_S1.);
#2652 = LINE('',#2653,#2654);
#2653 = CARTESIAN_POINT('',(11.7,31.88,-6.));
#2654 = VECTOR('',#2655,1.);
#2655 = DIRECTION('',(0.,0.,1.));
#2656 = PCURVE('',#946,#2657);
#2657 = DEFINITIONAL_REPRESENTATION('',(#2658),#2662);
#2658 = LINE('',#2659,#2660);
#2659 = CARTESIAN_POINT('',(0.,0.));
#2660 = VECTOR('',#2661,1.);
#2661 = DIRECTION('',(0.,-1.));
#2662 = ( GEOMETRIC_REPRESENTATION_CONTEXT(2) 
PARAMETRIC_REPRESENTATION_CONTEXT() REPRESENTATION_CONTEXT('2D SPACE',''
  ) );
#2663 = PCURVE('',#1035,#2664);
#2664 = DEFINITIONAL_REPRESENTATION('',(#2665),#2669);
#2665 = LINE('',#2666,#2667);
#2666 = CARTESIAN_POINT('',(3.14159265359,0.));
#2667 = VECTOR('',#2668,1.);
#2668 = DIRECTION('',(0.,-1.));
#2669 = ( GEOMETRIC_REPRESENTATION_CONTEXT(2) 
PARAMETRIC_REPRESENTATION_CONTEXT() REPRESENTATION_CONTEXT('2D SPACE',''
  ) );
#2670 = ORIENTED_EDGE('',*,*,#1487,.F.);
#2671 = ORIENTED_EDGE('',*,*,#2672,.F.);
#2672 = EDGE_CURVE('',#930,#1488,#2673,.T.);
#2673 = SURFACE_CURVE('',#2674,(#2678,#2685),.PCURVE_S1.);
#2674 = LINE('',#2675,#2676);
#2675 = CARTESIAN_POINT('',(11.7,71.335,-6.));
#2676 = VECTOR('',#2677,1.);
#2677 = DIRECTION('',(0.,0.,1.));
#2678 = PCURVE('',#946,#2679);
#2679 = DEFINITIONAL_REPRESENTATION('',(#2680),#2684);
#2680 = LINE('',#2681,#2682);
#2681 = CARTESIAN_POINT('',(39.455,0.));
#2682 = VECTOR('',#2683,1.);
#2683 = DIRECTION('',(0.,-1.));
#2684 = ( GEOMETRIC_REPRESENTATION_CONTEXT(2) 
PARAMETRIC_REPRESENTATION_CONTEXT() REPRESENTATION_CONTEXT('2D SPACE',''
  ) );
#2685 = PCURVE('',#978,#2686);
#2686 = DEFINITIONAL_REPRESENTATION('',(#2687),#2691);
#2687 = LINE('',#2688,#2689);
#2688 = CARTESIAN_POINT('',(0.,0.));
#2689 = VECTOR('',#2690,1.);
#2690 = DIRECTION('',(0.,-1.));
#2691 = ( GEOMETRIC_REPRESENTATION_CONTEXT(2) 
PARAMETRIC_REPRESENTATION_CONTEXT() REPRESENTATION_CONTEXT('2D SPACE',''
  ) );
#2692 = ADVANCED_FACE('',(#2693),#978,.F.);
#2693 = FACE_BOUND('',#2694,.F.);
#2694 = EDGE_LOOP('',(#2695,#2696,#2697,#2698));
#2695 = ORIENTED_EDGE('',*,*,#957,.F.);
#2696 = ORIENTED_EDGE('',*,*,#2672,.T.);
#2697 = ORIENTED_EDGE('',*,*,#1510,.T.);
#2698 = ORIENTED_EDGE('',*,*,#2699,.F.);
#2699 = EDGE_CURVE('',#958,#1511,#2700,.T.);
#2700 = SURFACE_CURVE('',#2701,(#2705,#2712),.PCURVE_S1.);
#2701 = LINE('',#2702,#2703);
#2702 = CARTESIAN_POINT('',(16.3,71.335,-6.));
#2703 = VECTOR('',#2704,1.);
#2704 = DIRECTION('',(0.,0.,1.));
#2705 = PCURVE('',#978,#2706);
#2706 = DEFINITIONAL_REPRESENTATION('',(#2707),#2711);
#2707 = LINE('',#2708,#2709);
#2708 = CARTESIAN_POINT('',(3.14159265359,0.));
#2709 = VECTOR('',#2710,1.);
#2710 = DIRECTION('',(0.,-1.));
#2711 = ( GEOMETRIC_REPRESENTATION_CONTEXT(2) 
PARAMETRIC_REPRESENTATION_CONTEXT() REPRESENTATION_CONTEXT('2D SPACE',''
  ) );
#2712 = PCURVE('',#1005,#2713);
#2713 = DEFINITIONAL_REPRESENTATION('',(#2714),#2718);
#2714 = LINE('',#2715,#2716);
#2715 = CARTESIAN_POINT('',(0.,0.));
#2716 = VECTOR('',#2717,1.);
#2717 = DIRECTION('',(0.,-1.));
#2718 = ( GEOMETRIC_REPRESENTATION_CONTEXT(2) 
PARAMETRIC_REPRESENTATION_CONTEXT() REPRESENTATION_CONTEXT('2D SPACE',''
  ) );
#2719 = ADVANCED_FACE('',(#2720),#1035,.F.);
#2720 = FACE_BOUND('',#2721,.F.);
#2721 = EDGE_LOOP('',(#2722,#2723,#2744,#2745));
#2722 = ORIENTED_EDGE('',*,*,#1016,.F.);
#2723 = ORIENTED_EDGE('',*,*,#2724,.T.);
#2724 = EDGE_CURVE('',#991,#1539,#2725,.T.);
#2725 = SURFACE_CURVE('',#2726,(#2730,#2737),.PCURVE_S1.);
#2726 = LINE('',#2727,#2728);
#2727 = CARTESIAN_POINT('',(16.3,31.88,-6.));
#2728 = VECTOR('',#2729,1.);
#2729 = DIRECTION('',(0.,0.,1.));
#2730 = PCURVE('',#1035,#2731);
#2731 = DEFINITIONAL_REPRESENTATION('',(#2732),#2736);
#2732 = LINE('',#2733,#2734);
#2733 = CARTESIAN_POINT('',(0.,0.));
#2734 = VECTOR('',#2735,1.);
#2735 = DIRECTION('',(0.,-1.));
#2736 = ( GEOMETRIC_REPRESENTATION_CONTEXT(2) 
PARAMETRIC_REPRESENTATION_CONTEXT() REPRESENTATION_CONTEXT('2D SPACE',''
  ) );
#2737 = PCURVE('',#1005,#2738);
#2738 = DEFINITIONAL_REPRESENTATION('',(#2739),#2743);
#2739 = LINE('',#2740,#2741);
#2740 = CARTESIAN_POINT('',(39.455,0.));
#2741 = VECTOR('',#2742,1.);
#2742 = DIRECTION('',(0.,-1.));
#2743 = ( GEOMETRIC_REPRESENTATION_CONTEXT(2) 
PARAMETRIC_REPRESENTATION_CONTEXT() REPRESENTATION_CONTEXT('2D SPACE',''
  ) );
#2744 = ORIENTED_EDGE('',*,*,#1559,.T.);
#2745 = ORIENTED_EDGE('',*,*,#2650,.F.);
#2746 = ADVANCED_FACE('',(#2747),#1005,.F.);
#2747 = FACE_BOUND('',#2748,.F.);
#2748 = EDGE_LOOP('',(#2749,#2750,#2751,#2752));
#2749 = ORIENTED_EDGE('',*,*,#990,.T.);
#2750 = ORIENTED_EDGE('',*,*,#2699,.T.);
#2751 = ORIENTED_EDGE('',*,*,#1538,.F.);
#2752 = ORIENTED_EDGE('',*,*,#2724,.F.);
#2753 = ADVANCED_FACE('',(#2754),#1066,.F.);
#2754 = FACE_BOUND('',#2755,.F.);
#2755 = EDGE_LOOP('',(#2756,#2757,#2778,#2779));
#2756 = ORIENTED_EDGE('',*,*,#1587,.F.);
#2757 = ORIENTED_EDGE('',*,*,#2758,.F.);
#2758 = EDGE_CURVE('',#1050,#1588,#2759,.T.);
#2759 = SEAM_CURVE('',#2760,(#2764,#2771),.PCURVE_S1.);
#2760 = LINE('',#2761,#2762);
#2761 = CARTESIAN_POINT('',(17.75,60.8175,-0.));
#2762 = VECTOR('',#2763,1.);
#2763 = DIRECTION('',(0.,0.,1.));
#2764 = PCURVE('',#1066,#2765);
#2765 = DEFINITIONAL_REPRESENTATION('',(#2766),#2770);
#2766 = LINE('',#2767,#2768);
#2767 = CARTESIAN_POINT('',(6.28318530718,-0.));
#2768 = VECTOR('',#2769,1.);
#2769 = DIRECTION('',(0.,1.));
#2770 = ( GEOMETRIC_REPRESENTATION_CONTEXT(2) 
PARAMETRIC_REPRESENTATION_CONTEXT() REPRESENTATION_CONTEXT('2D SPACE',''
  ) );
#2771 = PCURVE('',#1066,#2772);
#2772 = DEFINITIONAL_REPRESENTATION('',(#2773),#2777);
#2773 = LINE('',#2774,#2775);
#2774 = CARTESIAN_POINT('',(0.,-0.));
#2775 = VECTOR('',#2776,1.);
#2776 = DIRECTION('',(0.,1.));
#2777 = ( GEOMETRIC_REPRESENTATION_CONTEXT(2) 
PARAMETRIC_REPRESENTATION_CONTEXT() REPRESENTATION_CONTEXT('2D SPACE',''
  ) );
#2778 = ORIENTED_EDGE('',*,*,#1049,.T.);
#2779 = ORIENTED_EDGE('',*,*,#2758,.T.);
#2780 = ADVANCED_FACE('',(#2781),#1170,.F.);
#2781 = FACE_BOUND('',#2782,.F.);
#2782 = EDGE_LOOP('',(#2783,#2784,#2785));
#2783 = ORIENTED_EDGE('',*,*,#1733,.T.);
#2784 = ORIENTED_EDGE('',*,*,#1637,.T.);
#2785 = ORIENTED_EDGE('',*,*,#1154,.T.);
#2786 = ADVANCED_FACE('',(#2787),#1247,.T.);
#2787 = FACE_BOUND('',#2788,.T.);
#2788 = EDGE_LOOP('',(#2789,#2790,#2791,#2792));
#2789 = ORIENTED_EDGE('',*,*,#1688,.T.);
#2790 = ORIENTED_EDGE('',*,*,#2085,.T.);
#2791 = ORIENTED_EDGE('',*,*,#1231,.F.);
#2792 = ORIENTED_EDGE('',*,*,#2793,.F.);
#2793 = EDGE_CURVE('',#1689,#1204,#2794,.T.);
#2794 = SURFACE_CURVE('',#2795,(#2799,#2806),.PCURVE_S1.);
#2795 = LINE('',#2796,#2797);
#2796 = CARTESIAN_POINT('',(24.,5.,39.));
#2797 = VECTOR('',#2798,1.);
#2798 = DIRECTION('',(0.,0.536875492193,-0.843661487732));
#2799 = PCURVE('',#1247,#2800);
#2800 = DEFINITIONAL_REPRESENTATION('',(#2801),#2805);
#2801 = LINE('',#2802,#2803);
#2802 = CARTESIAN_POINT('',(0.,0.));
#2803 = VECTOR('',#2804,1.);
#2804 = DIRECTION('',(1.,0.));
#2805 = ( GEOMETRIC_REPRESENTATION_CONTEXT(2) 
PARAMETRIC_REPRESENTATION_CONTEXT() REPRESENTATION_CONTEXT('2D SPACE',''
  ) );
#2806 = PCURVE('',#1219,#2807);
#2807 = DEFINITIONAL_REPRESENTATION('',(#2808),#2812);
#2808 = LINE('',#2809,#2810);
#2809 = CARTESIAN_POINT('',(-20.22119639219,6.778803607804));
#2810 = VECTOR('',#2811,1.);
#2811 = DIRECTION('',(0.843661487732,-0.536875492193));
#2812 = ( GEOMETRIC_REPRESENTATION_CONTEXT(2) 
PARAMETRIC_REPRESENTATION_CONTEXT() REPRESENTATION_CONTEXT('2D SPACE',''
  ) );
#2813 = ADVANCED_FACE('',(#2814),#1219,.T.);
#2814 = FACE_BOUND('',#2815,.T.);
#2815 = EDGE_LOOP('',(#2816,#2817,#2818));
#2816 = ORIENTED_EDGE('',*,*,#1711,.T.);
#2817 = ORIENTED_EDGE('',*,*,#2793,.T.);
#2818 = ORIENTED_EDGE('',*,*,#1203,.T.);
#2819 = ( GEOMETRIC_REPRESENTATION_CONTEXT(3) 
GLOBAL_UNCERTAINTY_ASSIGNED_CONTEXT((#2823)) 
GLOBAL_UNIT_ASSIGNED_CONTEXT((#2820,#2821,#2822)) REPRESENTATION_CONTEXT
('Context #1','3D Context with UNIT and UNCERTAINTY') );
#2820 = ( LENGTH_UNIT() NAMED_UNIT(*) SI_UNIT(.MILLI.,.METRE.) );
#2821 = ( NAMED_UNIT(*) PLANE_ANGLE_UNIT() SI_UNIT($,.RADIAN.) );
#2822 = ( NAMED_UNIT(*) SI_UNIT($,.STERADIAN.) SOLID_ANGLE_UNIT() );
#2823 = UNCERTAINTY_MEASURE_WITH_UNIT(LENGTH_MEASURE(1.E-07),#2820,
  'distance_accuracy_value','confusion accuracy');
#2824 = PRODUCT_RELATED_PRODUCT_CATEGORY('part',$,(#7));
ENDSEC;
END-ISO-10303-21;
